id,fluid_density,fluid_velocity,body,height,pressure_bars
428,4417.281379,23.801816,Saturn,11.484143,-16.808609
848,1370.455013,31.440263,Jupiter,7.317114,-8.259292
2033,1190.315959,14.198213,Jupiter,27.95925,-8.449971
2328,9335.495643,43.38965,Earth,87.513869,-167.024165
2307,12605.776151,29.195699,Jupiter,2.924832,-61.865131
474,9801.687643,15.639516,Venus,32.727096,-39.440448
597,1638.108449,22.266112,Saturn,77.198833,-16.263135
1378,1323.083749,11.567125,Jupiter,34.573596,-11.225011
360,3026.404641,27.724513,Moon,22.096444,-11.717891
222,8510.218914,15.641511,Saturn,40.635409,-45.513632
1048,3435.104499,17.992829,Earth,25.890767,-13.285204
1456,9485.145818,39.54553,Saturn,80.830024,-153.208544
2200,2387.067083,7.065981,Moon,16.77423,-0.246578
1215,10192.516265,8.774391,Jupiter,15.620496,-42.392301
1372,7586.733752,24.372965,Venus,,-29.165156
1752,2407.940345,44.560177,Moon,20.358316,-23.702745
335,11419.488457,41.579036,Venus,21.700321,-119.691427
2226,5418.334462,13.948065,Earth,18.497667,-14.102869
1967,3027.946624,,Venus,38.479733,-16.260644
956,2793.879948,49.052983,Saturn,50.636098,-47.382693
1277,1649.581809,28.139843,Moon,32.946458,-6.414266
1620,6716.311607,34.201532,Jupiter,47.689255,-117.683207
1977,2081.9236,14.931826,,42.131661,-23.065446
925,9335.300534,45.775217,Jupiter,69.65073,-257.991747
1324,,37.766083,Mars,16.683401,-30.026674
435,12402.098959,43.733319,Mars,56.465536,-143.582273
2206,13436.568364,23.913544,Moon,21.234677,-42.055488
1676,12153.429265,42.731948,Moon,3.016896,-110.557805
1502,4275.618142,42.909381,Saturn,36.194651,-54.518031
72,4890.044082,16.696389,Saturn,77.145696,-45.20044
1386,,37.869375,Saturn,,-115.00363
575,6108.442077,20.053559,Mars,61.311376,-25.176985
891,6686.494316,36.864556,Moon,23.575068,-46.996139
1900,10654.526461,24.584676,Earth,2.284799,-33.586408
481,12263.78592,38.962813,Venus,28.205762,-122.770482
1154,8830.824682,38.301352,Mars,65.731474,-85.308998
2005,6464.049808,32.899738,Saturn,88.237612,-93.530073
2227,6610.964624,,Jupiter,43.998934,-92.779777
1200,9544.888577,18.28173,Venus,90.33317,-91.42946
1270,3569.44582,45.428169,Jupiter,11.537546,-46.040835
1075,8219.494428,7.250406,Saturn,58.172317,-51.078978
529,6890.609343,3.820365,Venus,74.290954,-44.909261
272,4088.377843,41.373252,Mars,52.252707,-41.91695
1627,1304.568887,8.214037,Saturn,16.948848,-1.748481
1367,7740.886917,26.973063,Venus,91.736662,-90.147184
2355,1674.693162,47.350823,Jupiter,64.167479,-44.413693
1211,4989.782144,,Moon,76.17649,-15.373069
454,11859.520666,34.4638,Earth,42.754431,-119.172251
1077,8029.321545,13.285215,Saturn,37.870206,-37.830876
1714,11651.331839,21.88357,Earth,42.482968,-75.456418
632,9785.032547,47.459947,Jupiter,16.346011,-148.85199
1986,13345.480142,23.365072,Venus,17.343566,-55.958605
765,7194.503809,47.014344,Moon,49.490824,-84.29781
1965,11880.231309,10.858111,Jupiter,47.578831,-146.128171
453,3570.57119,30.518893,Venus,97.271351,-46.434977
1120,1077.296076,22.211381,,46.202451,-6.072324
247,10501.070282,9.900303,Saturn,35.855954,-43.455667
612,2057.608061,34.629555,Venus,24.406026,-15.79182
929,6995.021887,12.24344,Earth,95.34787,-69.671651
1843,13083.993319,5.600788,Mars,38.69987,-19.837689
1783,4154.866291,13.191273,Saturn,,-45.892599
1126,5322.862119,49.100639,Venus,33.914592,-79.176079
1250,2539.545613,27.322789,Mars,6.316592,-9.074427
2384,13274.736273,6.959208,Earth,5.410162,-9.259908
2203,11272.596779,27.404749,Saturn,53.516746,-104.311412
199,8504.826024,26.408665,Jupiter,47.899317,-129.645428
1854,8654.528151,35.022554,Moon,78.108053,-63.062137
775,7393.608994,23.874806,Moon,74.524025,-29.025796
168,1301.178129,19.683436,Saturn,0.219903,-1.550499
1427,10757.488413,12.706523,Mars,71.462594,-36.205214
937,10355.514361,0.893728,,45.185193,-16.401038
1960,12041.072056,48.157212,Earth,,-206.410438
1706,5070.595116,23.682038,Moon,1.138536,-13.312748
2202,1940.161922,41.01829,Mars,52.491793,-19.099973
1050,13390.31502,11.529243,Moon,82.823423,-25.9212
2303,4205.991957,45.344703,Saturn,71.56527,-73.665293
1133,4633.354868,37.618299,Mars,35.885655,-37.952799
2168,2450.485072,22.646394,Mars,7.570954,-5.972067
1201,10671.501394,38.827295,Saturn,40.646691,-124.724252
1536,7444.952329,32.3021,Mars,96.3119,-64.443363
1306,,15.636549,Moon,41.68527,-10.891884
1091,3638.927442,15.448027,Earth,,-21.504624
1819,5128.868309,42.479891,Jupiter,14.736363,-64.012767
313,11986.001833,18.915421,Earth,53.15185,-82.939915
2048,12363.312348,4.343656,Jupiter,57.719716,-177.069458
71,2651.994094,41.61338,,46.263857,-23.955675
30,3581.098538,44.786546,Jupiter,90.608388,-115.353447
2163,3542.859528,33.896522,Venus,71.692777,-41.882844
1430,1112.962204,44.553028,Venus,3.635741,-10.404915
2102,4416.329453,19.552053,,51.827984,-27.743927
1999,,3.713421,,33.610755,-26.977026
1322,3143.032355,11.506023,Jupiter,95.033395,-75.126511
2051,1264.158339,8.75318,Saturn,,-8.37574
1191,13505.51984,21.638545,Earth,36.667683,-79.198921
14,4630.634551,42.813338,Moon,53.653494,-45.476656
539,11870.069625,15.822356,Venus,51.006666,-67.561831
2309,5032.829707,36.874355,Mars,63.515321,-45.0756
1533,13572.884658,34.339898,Moon,97.886746,-100.617506
1882,7137.840939,,Moon,60.861059,-15.188956
549,1194.448435,6.273404,Venus,19.470624,-1.297907
2062,1860.290802,24.65945,Saturn,28.461954,-10.183827
1012,12162.377041,29.399138,Moon,15.238102,-54.571917
1062,4611.635505,1.311278,Mars,23.80139,-3.111867
493,2426.452742,5.125102,Jupiter,72.472869,-42.912383
333,10991.569197,37.199749,Saturn,65.837738,-150.60195
106,11347.467865,10.546913,Moon,96.247505,-23.059002
105,10174.832168,39.350207,Jupiter,92.437157,-310.933545
1506,3696.233151,2.948133,Mars,69.878494,-8.743084
624,9447.014588,,,14.761839,-89.282642
83,10763.744735,36.378014,Earth,88.108254,-163.257103
1379,9836.315057,,Moon,39.439318,-22.02609
2269,1908.580564,15.708784,Saturn,66.095349,-14.524745
358,11178.124153,28.501078,Earth,77.433468,-129.312116
776,6478.998405,36.633437,,60.726002,-48.86782
2080,9692.451853,47.687581,Saturn,88.538363,-198.799545
1208,6553.417105,14.455238,Saturn,27.648932,-24.763567
1617,8779.607687,40.348041,Saturn,93.154974,-155.849459
784,11742.75358,49.407425,Moon,91.97194,-159.875871
543,1930.018987,,Moon,16.170863,-2.375882
1183,11601.183041,41.515707,Saturn,68.298537,-181.697018
233,2835.560861,,Moon,23.219495,-3.368714
1588,10123.108803,3.483139,Saturn,,-74.737771
307,12235.841313,35.169971,Mars,59.752376,-101.79878
226,6604.635798,33.026241,Saturn,66.581231,-80.928812
1550,6764.248876,32.207348,Mars,81.800429,-54.61134
1190,4641.257122,48.857994,Earth,37.356295,-71.404402
1300,9198.700438,13.760139,Venus,83.131153,-75.537239
1636,8501.661719,10.362542,Venus,42.268549,-35.439242
1721,4814.362734,16.893075,Earth,45.351677,-27.288615
1189,12364.323391,43.695193,,34.448461,-132.836227
1518,7897.651159,41.611515,Earth,2.696703,-69.463931
1951,1145.394249,3.721446,Mars,12.238369,0.400627
813,5660.715732,49.366137,,37.435364,-86.77276
439,5686.509533,43.508372,Venus,11.266094,-58.504743
1998,,28.953583,Earth,7.437421,-6.361335
1336,3068.178107,41.886402,Mars,,-28.083163
2153,1710.917339,4.560417,Moon,23.827241,0.159632
901,1734.248409,33.029869,Moon,58.598269,-10.111474
1147,1901.194851,8.620698,Jupiter,40.705881,-18.891384
2301,,11.655831,Mars,32.547719,-5.509814
763,10055.593284,12.169959,Moon,19.017829,-9.554143
141,3075.429901,6.17362,Venus,61.702091,-16.417831
2011,9342.957819,44.927064,Moon,59.630153,-102.344284
845,10575.163099,31.452681,Earth,,-140.451865
1487,5861.057666,38.579227,Jupiter,,-115.219812
1278,11662.911333,21.84233,Moon,45.478981,-35.440419
2171,2348.64842,,Venus,71.620552,-37.501512
1095,5224.088727,41.356388,Earth,33.117611,-60.647339
235,8316.88767,,Saturn,0.03578,-12.877905
55,1017.978695,22.376384,Earth,98.677403,-11.402814
1810,10959.083239,38.506793,Jupiter,57.929433,-237.629346
583,4836.930519,44.698121,,10.632807,-51.880904
103,6389.080896,27.835071,Moon,4.847836,-24.254332
436,11361.57936,2.158964,Jupiter,90.605714,-254.459002
1085,4918.006932,8.115277,Venus,79.118591,-35.133127
963,5707.664306,8.236823,Saturn,16.43175,-10.727543
668,7841.581719,2.97412,Moon,61.563383,-7.191567
87,10805.491379,,Moon,60.891808,-118.992861
1761,2699.552998,23.29208,Jupiter,70.490423,-53.496364
304,,27.519654,Mars,24.196953,-6.504081
405,2413.881093,2.291721,Saturn,87.767861,-21.181695
2264,12675.675063,36.768209,Mars,35.45533,-101.354792
850,3995.864176,48.735692,Jupiter,11.815138,-58.158013
692,5975.902696,4.559668,Jupiter,44.764192,-65.936063
1450,,20.687845,Venus,,-7.869629
1744,4777.608491,14.428062,Venus,30.394732,-16.853243
903,11259.527882,45.401786,,85.102005,-352.587435
802,4428.7589,,Mars,55.388945,-25.694636
1065,7367.991378,34.47588,Mars,79.241777,-64.448406
446,2250.719635,,Saturn,,-25.430239
1273,10238.519507,35.343471,Jupiter,70.51847,-241.932765
1241,1770.173097,6.759036,Moon,58.46803,-1.086199
264,5673.023731,29.370914,Earth,93.881998,-75.716736
402,5431.441127,22.794931,Mars,20.603829,-17.26293
638,5910.036058,31.11502,Mars,70.771584,-43.126386
1936,11083.060644,,Saturn,,-33.290612
1165,11279.656732,,Jupiter,70.631407,-211.821057
2019,3138.503342,6.271208,,82.573178,-63.861977
777,6438.213676,38.125681,Jupiter,39.23815,-108.417282
671,2466.014241,46.584995,Moon,85.909676,-29.200885
1167,,47.715743,Jupiter,3.214976,-30.988722
1864,3425.522205,37.530357,Earth,60.411171,-43.42551
644,11158.698067,,Venus,30.77593,-49.653923
1466,4485.233648,6.164232,Saturn,4.002519,-1.726357
566,5946.830188,19.605066,Mars,56.79911,-22.960017
1925,7787.257607,14.858305,Jupiter,43.94713,-92.434162
1029,13368.088228,40.66056,Mars,77.42681,-147.90634
1742,9804.489049,13.659182,Saturn,9.159129,-17.521457
1255,8638.209598,5.604073,Earth,19.898232,-17.218371
1455,9452.919022,44.293064,Earth,41.136515,-129.874434
697,12503.530194,35.539048,Venus,93.484507,-181.64151
1003,11310.522998,45.398414,Mars,74.226396,-146.702756
581,10952.563084,37.735369,Mars,91.04543,-113.975362
1067,11577.650115,18.000903,Moon,75.078056,-31.882622
1923,5714.623457,40.429867,Mars,55.863592,-57.54866
1715,10675.235232,18.300659,,85.813395,-31.762706
1359,5540.748352,0.721969,Mars,7.690317,-0.595275
799,6739.721835,,Mars,56.526851,-41.167085
1964,8164.408369,16.474082,Mars,,-11.826005
1874,11667.379382,30.157676,Earth,0.32016,-52.423005
1792,4690.40424,45.656692,Mars,45.356983,-55.779275
1670,,4.26544,Jupiter,24.885674,-40.90959
2161,,31.617688,Moon,86.930363,-62.189453
469,5980.490531,44.791067,Saturn,3.129592,-60.945488
966,10336.555579,40.174644,Moon,35.092871,-88.310624
1698,13423.238491,40.855783,Jupiter,54.175689,-291.306164
2077,6044.350791,28.267786,Venus,61.528937,-56.136978
325,7005.503897,11.061718,Mars,4.806283,-4.535197
1608,2190.788931,41.36382,Saturn,24.681573,-23.386952
1426,10743.531477,10.279797,Saturn,65.620579,-78.278233
1090,11785.702858,7.462583,,48.057614,-142.690502
734,3540.335434,13.314528,Moon,47.769978,-4.886323
1955,5535.217428,35.750502,,3.892894,-36.622374
68,11689.851099,16.158474,Mars,13.789926,-20.241484
1674,,23.910399,Jupiter,37.560823,-11.391723
184,3425.603559,19.909999,Venus,17.806378,-11.200171
800,3947.262816,9.221928,Mars,,-6.380805
1688,9075.570386,37.755862,Moon,24.973762,-67.36944
1961,4558.245308,12.558802,Mars,51.841929,-11.361748
1349,2228.301696,39.310745,,7.58724,-17.71698
1489,1089.497851,,Jupiter,87.344632,-36.131043
1713,10813.212763,35.67042,Venus,45.853913,-111.772471
774,2749.053305,37.708582,Mars,48.834075,-23.525486
1540,7486.950592,21.237822,Earth,22.483232,-32.398017
241,6307.796728,40.272098,Mars,64.477983,-65.240335
1945,2314.012641,14.368241,Jupiter,60.947061,-36.350497
8,4382.331149,44.872072,Moon,95.931987,-49.950775
273,,29.029537,Earth,6.538512,-63.095715
498,8939.830584,36.917297,Earth,2.115535,-61.775204
538,4491.084303,12.958292,Jupiter,69.007403,-79.599342
622,8961.676562,17.370939,Earth,39.763546,-47.47865
1696,6082.93888,22.839842,Mars,58.431478,-28.052723
2280,4002.978197,6.947994,Moon,90.51897,-5.854325
686,3900.266789,48.674915,Jupiter,,-99.731938
1565,,5.387261,Jupiter,12.240448,-39.731481
1891,12751.545884,39.22028,Saturn,1.40368,-98.942738
1114,10745.115632,5.185774,Mars,95.60426,-38.556846
2330,6614.058619,7.718723,Earth,78.862566,-52.139405
27,10455.164225,7.657303,Saturn,71.114294,-79.687769
1088,7881.940079,37.987444,Earth,88.544762,-124.334439
1867,10047.058735,10.441938,Saturn,4.942395,-9.661501
952,13051.8182,42.627096,Earth,36.530131,-164.352864
2289,11945.45258,31.352069,Venus,9.869863,-68.166774
2193,5056.647584,48.48053,Earth,83.100271,-99.647237
975,1810.109403,37.022516,Saturn,27.03545,-16.514319
1847,12036.460172,17.954005,Saturn,92.836266,-135.058193
606,1185.454437,16.640315,Mars,,-1.731995
1644,13205.623785,3.670553,Saturn,69.595319,-95.838372
852,6784.843203,49.721843,Earth,28.734673,-101.995139
981,5350.362601,12.28494,Jupiter,,-52.605527
856,7973.917203,12.310985,Earth,38.409747,-35.088339
2110,2072.313499,25.77904,Jupiter,29.93034,-21.261881
2006,11103.362814,44.645353,Saturn,87.653365,-211.26353
2140,9236.92651,18.25426,Saturn,15.7582,-29.585736
1499,9515.048374,12.290083,Jupiter,29.693352,-76.226157
62,1669.421502,42.009071,Jupiter,36.264528,-28.738718
2037,7144.425925,24.478999,,23.850516,-26.72724
960,13372.208815,37.26045,Jupiter,15.186795,-142.169718
110,6835.516347,19.038015,Jupiter,22.550138,-49.59929
500,13154.178223,13.328514,Saturn,66.549202,-102.075919
1078,9767.296416,45.854236,Saturn,74.387079,-177.537052
1737,7387.37292,47.888093,Saturn,21.201096,-100.057352
1814,5108.326657,1.309255,Venus,17.570785,-7.005256
321,,44.466956,Saturn,99.216421,-188.771072
1932,1826.498918,0.089394,,58.948518,-10.240759
1218,10751.56404,14.907962,Moon,10.002895,-12.695167
1073,7315.620989,43.159825,Moon,18.221815,-69.302802
447,3607.000459,47.969319,Venus,66.178126,-61.672635
1836,12734.414377,12.012129,Earth,26.764592,-41.622882
151,7611.469943,21.563757,Venus,82.953409,-72.701448
2021,13484.597789,1.204948,Venus,5.224418,-5.346733
2126,7244.56264,44.191405,Earth,32.018272,-92.493934
54,6227.563328,24.791904,Mars,14.253344,-21.43163
1978,6723.416148,10.059268,Earth,2.811516,-4.256058
1495,5373.895586,1.03737,Mars,57.097644,-10.41256
467,5622.951849,45.878885,Earth,2.082096,-59.32648
1316,8288.12165,1.987631,,94.315252,-80.772811
1173,3603.405618,46.923912,Venus,14.400819,-43.273676
1569,10974.445562,6.874333,Mars,95.087747,-40.308226
1002,5809.856064,12.233323,Venus,43.933524,-25.987796
2386,10370.801424,11.992911,Mars,78.736899,-36.75271
202,10384.778288,15.050362,Mars,60.117916,-33.923403
2316,13344.11491,48.605952,Venus,54.519477,-221.160436
376,6667.273473,,Venus,,-86.816531
2099,4606.507166,45.329878,Venus,5.1972,-48.450767
66,13158.634594,19.123675,Saturn,26.945456,-60.078177
2065,12512.66002,49.141062,Saturn,95.127755,-274.348061
426,1613.525968,35.176269,Jupiter,,-45.474045
1068,3616.932005,21.784392,Moon,3.066065,-7.76246
1052,7296.243822,28.803368,Venus,68.516632,-73.608437
1037,2605.618397,45.533651,Earth,49.108771,-38.564068
1016,12183.592564,8.768612,Moon,50.561473,-13.694226
2265,10112.796916,13.699159,Jupiter,15.024696,-46.155537
2063,2352.833182,15.426609,Venus,38.409434,-9.815546
541,9231.820775,44.767326,Venus,43.77092,-127.350449
1185,9245.669972,19.184745,Mars,19.232164,-22.611457
1283,4278.684226,3.813626,Moon,76.325262,-4.61793
1376,7692.073717,12.056806,Jupiter,88.050089,-172.490491
1292,6455.777977,45.524439,Earth,23.075273,-80.511021
729,2943.141207,9.698541,Mars,9.788875,-1.453037
422,12531.533455,32.581845,Venus,4.324425,-70.322715
657,1960.059369,20.313017,Moon,56.975461,-4.858509
303,13590.024598,3.48198,Venus,99.445739,-119.699232
2135,10149.982771,19.384744,Venus,68.438393,-79.685532
844,7507.050836,49.415872,Mars,40.447228,-101.923426
1719,7170.808396,0.028882,Moon,87.328258,-9.176011
1687,2220.404726,28.574745,Jupiter,29.127653,-24.097957
1271,3838.827201,24.133838,Saturn,24.847974,-20.137884
2001,10213.377639,12.805729,Venus,91.967303,-90.689916
1202,5789.328102,10.712031,Moon,18.567491,-4.068324
592,3447.606007,44.770803,Venus,62.089657,-52.539516
300,12820.498745,18.444893,Jupiter,94.688873,-321.748904
1548,2878.545614,30.172184,Saturn,28.245108,-20.590798
723,7709.180413,34.286667,Mars,13.266785,-48.10806
433,5443.93453,39.497624,Earth,91.379914,-90.265826
983,13567.030848,11.410836,Jupiter,76.211711,-264.152955
1523,9309.210245,28.873179,Venus,17.304399,-52.092311
604,11555.050216,27.358858,Mars,44.475098,-61.311322
835,3831.452751,43.990758,Moon,61.185638,-39.88237
2317,11991.589393,2.23774,Saturn,3.83828,-4.105465
1790,8200.263616,32.259371,Mars,2.960835,-42.569494
374,6944.05868,23.984591,Mars,71.996738,-37.521347
1631,2840.622061,38.755608,Saturn,36.938742,-31.287619
1451,12456.026221,47.22121,Earth,6.282297,-145.551459
289,2336.346147,36.763069,Moon,70.859866,-17.47837
2023,7486.096856,44.357471,Earth,49.16546,-108.7541
285,5513.64186,33.323913,Jupiter,97.788089,-163.273904
1210,11056.555049,0.842094,Jupiter,54.318197,-147.921034
511,,6.886118,Saturn,35.495161,-18.696393
9,7298.51951,11.753255,Venus,50.367639,-36.647986
346,12515.391228,28.247214,Venus,95.043752,-154.439986
1080,6256.337553,36.767958,Venus,37.0811,-61.866853
356,11495.04537,27.216623,Mars,36.087988,-56.96477
661,12153.9335,10.553823,Mars,0.723091,-6.094769
1106,3362.435531,12.133089,,76.986812,-24.436117
1403,8666.846117,4.847441,Jupiter,29.054499,-62.44217
1193,11068.954481,11.337371,Moon,17.915389,-9.336244
1373,2004.074974,7.968544,Saturn,92.118927,-18.909893
176,5545.834222,41.419981,Moon,94.112055,-55.053937
1125,8520.244944,8.164544,Venus,26.63932,-21.972341
1958,4542.03876,27.44587,Venus,52.966366,-37.446067
1680,5034.438723,21.392738,Venus,74.373789,-43.732001
1308,3207.214388,22.292961,Moon,35.324559,-8.810563
1105,1082.502578,33.030055,Mars,55.845682,-7.147778
935,1486.946214,33.013885,Saturn,24.648978,-10.929675
2354,11397.986539,0.045068,Jupiter,75.231903,-211.572435
977,10312.277366,32.637245,Jupiter,30.134011,-130.957657
1641,,48.000163,Mars,,-154.251882
562,4149.515949,14.630028,Earth,71.564654,-32.57241
551,2382.983229,31.262745,Mars,30.701116,-13.359398
646,5305.521957,19.814193,Moon,97.461642,-17.817429
1921,7984.718356,34.404734,Mars,5.90531,-48.006334
1994,,9.426025,Mars,,-25.940063
1053,12544.981234,45.880585,Jupiter,32.970274,-233.571972
663,,15.844301,Venus,5.938906,-4.41553
2121,10029.531919,1.545835,Moon,38.269241,-5.35695
1913,5317.845757,23.946334,Mars,29.646337,-20.095967
112,7822.170864,37.463621,Jupiter,59.55601,-169.379001
1781,11342.98646,28.042377,Earth,10.96974,-55.805743
2146,8586.945674,15.504993,Saturn,43.009769,-47.878989
752,1561.287406,16.679628,Moon,77.135256,-3.128821
466,7353.852187,28.366701,Earth,96.358508,-98.101381
38,8215.079191,19.946943,Jupiter,90.732815,-200.122124
2212,7307.563031,47.445404,Saturn,13.318507,-91.409862
1420,9410.649087,29.824392,Earth,94.308114,-127.917403
1334,5783.194296,39.187675,Jupiter,17.038021,-67.832127
636,2795.285466,40.263073,Venus,29.717008,-29.025485
1350,9910.422248,7.609377,Mars,36.564011,-15.31293
2340,1025.945001,25.489814,Venus,40.692959,-6.036053
1512,7761.9365,14.127824,Moon,50.982505,-13.176733
385,9975.549299,10.333855,Jupiter,11.888709,-33.726421
871,7527.55917,14.333625,Earth,47.461479,-41.780888
2097,7504.802769,18.130903,Jupiter,4.657811,-20.000835
17,6696.761919,3.989523,Saturn,56.070589,-38.734239
393,9975.316708,34.728373,Saturn,,-114.491766
892,,25.768174,Saturn,13.173988,-17.631405
2179,8027.151768,49.852061,Venus,56.214476,-138.771688
976,1646.396968,22.609709,Venus,57.684713,-11.632193
1974,5086.009372,44.37005,Moon,63.379897,-54.302367
1382,5659.106138,17.196507,Mars,54.555763,-18.821688
1214,8459.03169,48.887245,Jupiter,28.667136,-160.198662
1130,8059.828903,38.662636,Saturn,69.67449,-117.866469
255,10494.333336,38.641686,Jupiter,88.624046,-307.909101
366,3970.60532,16.179511,Mars,35.062786,-9.362137
2378,,0.902212,Earth,76.579831,-86.634288
2380,13149.568278,38.4975,Mars,54.33154,-122.947667
2013,11463.983619,,Mars,72.756417,-29.948971
1198,9815.164237,22.647375,Venus,12.037837,-34.651366
1633,12081.338829,8.979696,Venus,50.672445,-58.172229
1924,5376.247259,28.340993,Mars,25.751959,-25.727782
379,9032.293083,49.807082,Jupiter,82.670502,-296.142072
1700,9068.204109,9.056296,Earth,47.784733,-45.227571
681,2905.352661,33.72203,Venus,74.819286,-34.800764
899,8535.874024,38.917877,Earth,87.190255,-136.652659
1268,3679.608674,27.329972,Venus,25.042543,-20.91542
2199,13159.177956,31.763481,Earth,79.077563,-167.465146
86,6803.941732,0.945169,Moon,83.360026,-8.247014
178,3285.694042,26.019127,Earth,33.641091,-20.96541
369,6033.055162,14.869092,Jupiter,30.685863,-51.562842
2293,5699.393348,33.023999,Jupiter,48.0707,-97.996462
51,6373.315016,35.9106,Mars,40.971142,-49.781843
947,5774.849998,38.536792,Venus,13.701672,-48.899093
2131,5971.87475,33.105604,Saturn,,-61.938633
1194,7625.094745,46.840932,Mars,98.166402,-110.420462
817,11541.691116,28.993054,Saturn,94.32178,-161.162834
766,12031.301445,,Venus,40.683848,-173.251459
340,13004.667574,6.662154,Mars,14.687868,-8.972517
1558,7377.637677,15.185809,Saturn,35.334652,-34.722387
2204,11635.431064,15.037512,Moon,67.209563,-24.86311
609,4681.283736,16.396362,Jupiter,96.339377,-117.093505
2034,9623.304578,22.558318,Mars,78.974172,-51.681148
1794,7399.022597,18.650649,Mars,10.77129,-14.825388
1546,11468.848762,37.760556,Mars,35.388634,-95.822501
195,7322.766828,11.05507,Earth,6.334763,-8.025406
201,1776.98316,37.739603,Saturn,8.609381,-13.251773
1022,11843.549659,22.21394,Venus,47.43805,-78.056294
2379,9832.25542,20.844012,Saturn,84.86699,-107.474139
1930,7610.255972,8.175377,Moon,87.057437,-12.309328
2117,3477.753039,30.556785,Moon,2.502115,-15.377591
1139,9782.699154,45.364588,Moon,86.037446,-113.338599
450,5870.736172,8.336384,Mars,88.300818,-20.272242
2049,10304.854529,7.994123,,52.117207,-135.429943
1115,6075.0632,37.398128,Jupiter,29.785578,-86.340846
2018,8642.673703,35.895084,Jupiter,21.188662,-100.075677
1786,8309.080078,49.032177,Mars,95.330598,-128.26882
1650,3442.386059,46.559059,Jupiter,34.082898,-65.39633
1508,4557.977369,17.014936,Earth,71.840055,-37.720244
1982,13480.946203,40.067573,Saturn,54.687495,-184.180026
674,5831.060205,,Jupiter,70.077615,-103.09713
1371,10538.982466,17.654364,Mars,,-45.442528
284,12730.02894,45.459,Saturn,67.299901,-219.97692
1243,9832.172946,49.233418,Jupiter,25.406272,-180.087604
605,3066.818408,10.679865,,59.623841,-7.532938
1313,1757.232028,13.518699,Mars,85.885781,-6.204895
317,7122.617905,16.787905,Jupiter,54.047384,-104.468274
772,6936.895581,22.466673,Saturn,99.333784,-88.445747
985,10818.576359,37.992841,Saturn,67.326652,-153.123411
345,11568.826552,23.81569,Jupiter,4.455383,-44.58609
443,8244.048655,37.307952,Moon,21.540361,-59.259439
2183,12219.156233,47.998052,Jupiter,65.716504,-338.817012
1595,6716.194262,0.115865,Mars,95.684548,-22.842247
861,13097.182895,20.179371,Earth,72.280408,-118.534624
2109,5911.577445,22.011058,,93.618761,-71.098971
93,12033.463733,46.444296,Earth,89.415829,-234.339126
253,,9.284577,Saturn,59.257465,-32.958872
311,11514.431861,38.872892,Venus,16.791292,-103.14684
510,1496.547833,33.167415,,47.203768,-14.161641
1509,8758.096424,43.486788,Moon,82.630808,-93.572154
2189,6698.899264,31.212325,Venus,83.566245,-81.285072
268,12201.256321,10.360787,Jupiter,19.709372,-65.163543
673,6258.934039,2.034246,Jupiter,32.117103,-48.962071
853,7748.035556,39.398067,Earth,79.573649,-119.615324
1477,13037.445041,48.503489,Earth,93.254726,-271.629025
2260,3458.659011,26.59385,Venus,82.770364,-36.622932
1659,6690.583001,42.331569,Jupiter,28.815189,-106.739086
2196,8865.403045,39.189367,Mars,6.149601,-69.100361
523,13362.859837,30.075476,Venus,6.601915,-67.260979
1184,8481.77934,37.688426,Saturn,4.805757,-63.493824
1492,8292.902081,14.136401,Moon,,-12.089656
2225,1262.899476,,Venus,48.212707,-5.992674
571,2564.547454,30.633318,Earth,37.395269,-20.44084
283,1543.941189,48.31107,Jupiter,34.912878,-30.380142
1059,8972.758169,45.121767,Earth,46.750422,-131.492516
1860,6884.423786,48.105169,Moon,,-88.673021
725,3642.510371,48.21291,Moon,1.583639,-41.428535
1587,2120.617202,4.008523,Moon,64.167307,-1.38158
2007,2672.988797,47.947377,,,-73.390466
1601,8600.639769,37.008997,Venus,32.05144,-82.351311
2095,4141.639031,,Venus,62.181242,-26.082541
1387,1587.489076,41.081063,Jupiter,17.589984,-19.317996
400,11168.89702,48.537764,Moon,62.959565,-141.991654
291,3031.120116,37.753992,Moon,79.940541,-24.539773
589,11794.206378,5.451614,Mars,,-12.050789
458,7548.5894,26.376691,Mars,27.481975,-32.955294
588,9809.847612,45.179633,Mars,54.325401,-118.890746
733,,20.741079,Mars,53.145179,-43.918255
1809,7343.947224,27.706359,Mars,48.479813,-40.396454
1267,1925.886085,26.650263,Mars,32.123441,-8.134405
770,10195.069526,,Earth,14.629287,-43.220446
1872,6305.452691,19.603268,,95.354772,-73.886575
1749,2260.936139,11.795173,Mars,44.583689,-4.312489
2397,,,Saturn,33.405838,-22.308973
1188,1840.566927,0.894368,Earth,43.783519,-6.912897
635,6205.893062,10.401601,Earth,69.775355,-44.836285
204,,18.046186,Moon,39.039664,-18.470355
991,13212.91398,3.356377,Mars,,-23.718928
1348,1093.55339,47.428731,Mars,70.314779,-14.152386
1643,5819.117697,1.938982,Mars,46.109781,-9.063996
140,7926.397922,,Jupiter,83.153519,-191.470887
1249,7653.743269,35.812085,Saturn,6.232358,-53.059809
35,11557.766728,20.458044,Moon,62.31991,-34.890985
1279,2372.977903,13.518553,Jupiter,99.143306,-59.490486
2319,4537.240472,21.029011,Mars,99.445539,-25.772106
1683,5729.657322,9.371306,Moon,78.143108,-8.791597
1901,,24.11278,Moon,57.510692,-41.797346
198,9191.616941,10.852138,Saturn,,-25.264036
2086,7428.372332,45.494613,Jupiter,31.040677,-133.035937
1527,3686.49568,1.118101,Earth,98.112715,-34.505038
1448,8832.424542,48.425655,Earth,44.521077,-141.137893
409,5401.920051,8.631766,Mars,11.849573,-3.387202
12,5799.858278,16.380744,Saturn,77.550448,-53.738544
2304,1356.173661,38.414705,Saturn,75.993384,-19.765944
1375,11780.544347,30.605728,Venus,55.329614,-111.990614
1144,2614.716193,16.64154,Venus,29.060476,-9.360469
80,3085.317646,15.855324,Earth,34.710543,-13.383938
1034,2622.486829,49.095016,Venus,65.262812,-45.786252
1949,5141.619948,25.656433,Mars,86.709726,-32.462658
269,9114.248538,19.834114,Venus,63.52792,-68.285487
491,7494.648022,,Earth,47.534317,-34.031526
279,10801.036839,40.317415,Venus,21.591051,-107.470451
860,9115.495599,33.497299,Moon,87.147414,-63.049945
512,5495.613099,11.642375,Earth,22.78684,-15.009345
1995,6620.669442,,Mars,23.701203,-41.299759
679,5327.146532,,Saturn,76.782264,-48.80377
1881,6011.044685,43.896749,Earth,88.713784,-109.227202
2338,,6.496625,Mars,60.038885,-20.925462
1414,7718.611913,39.197162,Venus,69.443994,-105.839248
2159,11269.954939,2.77306,Venus,65.120151,-64.530355
2257,4405.049473,8.211578,Moon,1.533938,-0.594965
704,7415.861894,12.593908,Jupiter,82.232833,-156.057217
1238,3763.818782,29.584088,Moon,21.022135,-16.756571
117,3903.426498,24.102049,Venus,61.202323,-31.527994
579,12104.62754,30.975266,Venus,75.160699,-137.768535
1021,12971.390377,21.479163,Moon,29.907568,-35.226113
594,10191.85321,26.924437,Earth,41.285071,-77.219335
1163,3232.073084,44.277358,Saturn,53.853171,-48.853736
478,2228.683039,0.238339,Earth,2.82727,0.38123
1474,,18.19819,Venus,0.571308,-21.363612
2249,1056.057462,27.83107,Venus,16.802247,-4.663849
1071,12779.149485,44.678058,Saturn,59.535392,-205.972883
1155,9474.374549,12.127369,Earth,83.393691,-83.476238
617,11175.131243,2.789402,Earth,13.297708,-14.012771
2088,11917.476536,17.783325,Moon,84.520054,-34.21238
230,8932.33216,23.261202,Jupiter,72.223026,-183.090951
2134,2474.475732,28.96668,Mars,92.903978,-17.910142
1018,2479.440596,,Earth,40.589865,-19.037458
298,3706.326925,5.050224,Moon,78.340203,-4.190904
371,6799.837972,45.19347,Earth,60.2204,-108.612504
1589,6008.502337,31.753585,Mars,60.535317,-42.785826
441,8099.870084,,Jupiter,37.203861,-130.744223
2084,2826.985558,10.699559,Venus,80.801187,-20.879364
792,5672.555586,12.419698,Jupiter,89.946753,-129.860438
1258,8980.557226,12.865037,Venus,86.962398,-75.703933
492,11340.395815,48.620429,Earth,73.877599,-215.228723
1391,,16.516681,Saturn,82.635063,-62.887625
603,7494.067514,17.072967,Jupiter,6.257776,-21.547653
36,10684.958582,7.217554,Saturn,86.156571,-97.89155
1505,7450.503253,3.059374,Moon,74.049031,-8.313841
100,1872.576082,44.302814,Earth,83.785269,-32.768224
84,11034.52283,41.092008,Mars,53.644485,-114.122912
489,8353.073728,12.46811,Saturn,27.146497,-29.165982
1559,2310.53262,32.422412,Moon,50.104548,-13.025541
1222,7981.901383,40.972291,Moon,98.229581,-78.738187
1179,12103.22845,36.800762,Venus,94.712304,-182.635773
2155,1639.555031,0.573774,Saturn,57.695897,-8.878479
798,12782.473286,35.711164,Jupiter,72.904583,-311.524853
735,6811.04394,44.778179,Mars,43.3242,-78.231201
1846,12960.714707,29.316833,Moon,30.376046,-61.094708
1128,1817.419881,41.083341,Venus,61.842211,-24.306861
997,8518.199709,23.932345,,94.690542,-102.521066
1802,11045.57132,45.243166,Mars,22.808698,-121.395125
1006,2511.984113,29.773842,Saturn,18.321255,-14.93891
452,5342.703868,37.696342,,24.465795,-69.364166
1542,10203.287923,18.972461,Moon,88.601291,-32.053983
2022,7313.067847,10.759747,Venus,43.210282,-31.262423
1400,1701.555326,8.754851,Venus,92.87052,-13.668857
1767,,34.548337,Venus,88.989938,-150.343663
116,2614.66296,,Venus,56.65175,-13.97029
61,9604.714565,40.283626,Earth,66.55808,-139.643758
961,11686.199668,26.343311,Moon,42.705708,-47.659209
1564,4897.420404,22.063915,Mars,89.828434,-27.242036
1446,9889.508031,0.138537,Venus,46.525483,-39.813073
826,11983.169246,39.685932,Mars,98.673603,-137.233728
1642,6150.555474,28.116768,Jupiter,38.527518,-82.055471
2353,12611.080313,20.458237,Saturn,51.501025,-93.197258
1248,8703.721456,3.514852,Venus,42.86974,-32.633937
161,11466.068108,29.967192,Earth,71.699167,-131.133263
1079,2104.781194,40.021339,Jupiter,79.859477,-57.524919
1061,2001.715451,31.577749,Saturn,,-10.530102
951,6244.274255,21.791804,Venus,71.653776,-53.51316
821,11649.076435,0.094866,Saturn,,-30.643676
2091,4767.925906,39.867368,Venus,46.807954,-56.686662
986,8007.472081,21.909064,Moon,48.128777,-24.480801
815,1411.306393,16.808012,Jupiter,54.992032,-20.233205
943,7804.052872,5.178914,Mars,73.864164,-21.432487
1452,4519.82288,49.758409,Jupiter,98.605022,-165.436517
653,13504.162717,15.637159,Earth,38.1423,-66.039571
2042,3328.712142,28.261921,Earth,85.533463,-40.224481
1976,8735.881161,1.088408,Mars,54.335861,-16.662061
1763,12860.019087,45.59395,Moon,19.898894,-136.825948
1354,,12.543354,Moon,68.369674,-1.603048
1773,6700.381233,39.003647,Earth,78.085527,-101.292123
378,3255.468126,11.623786,Moon,16.396717,-2.066679
873,7833.940873,,Moon,70.677356,-57.107946
670,12077.731262,20.20177,Jupiter,23.516964,-94.056731
2273,5540.848669,33.373893,Earth,91.225626,-79.4438
2329,2364.04353,40.184879,Venus,77.59462,-34.358444
1824,8528.784238,4.945621,Jupiter,60.048533,-127.002784
843,1826.347147,34.530273,Mars,70.917572,-14.693327
40,6705.82095,25.268483,Moon,93.742121,-30.623248
265,5554.459991,8.821558,Jupiter,48.452633,-67.87812
318,7363.672427,,Moon,95.220442,-20.915231
2374,12093.158054,26.985009,Moon,10.59165,-45.112031
930,6060.169352,39.163185,Jupiter,54.928297,-127.993734
1112,5679.54102,38.594128,Moon,22.42646,-43.368368
2115,6830.757673,15.758547,Jupiter,83.944239,-149.628014
2343,13125.759623,15.100824,Jupiter,48.849787,-172.916795
769,4705.953346,3.166774,Earth,78.590253,-35.517474
328,12783.201048,4.8311,Moon,28.235242,-6.356992
470,1934.764702,30.291078,Jupiter,82.231266,-47.316643
2119,13503.439383,45.747783,Moon,41.264874,-149.358802
1530,8184.602513,33.662362,Saturn,8.888662,-52.967216
122,3135.998917,,Saturn,31.42394,-11.970514
2369,2349.290551,26.464303,Saturn,27.14536,-13.88457
810,1671.020216,0.075555,Mars,34.266369,-1.124386
2016,5918.624477,36.4126,Earth,86.394041,-88.398708
1046,5653.018156,26.67235,Moon,86.200731,-27.026721
403,5740.717418,12.953749,Mars,5.616426,-5.012641
1235,11829.992085,8.357984,Jupiter,41.722145,-125.488633
1639,9551.600467,33.86729,Jupiter,24.368069,-111.47784
1137,5788.60159,40.716872,Earth,74.415781,-89.241443
281,13113.560789,41.739214,Moon,13.503902,-116.107357
738,10042.427483,32.007117,,14.048558,-52.732679
890,2268.416551,,Saturn,65.731053,-28.927877
1407,7784.333041,25.446247,Mars,68.855699,-44.087666
1473,,47.1683,Jupiter,57.643739,-69.673436
501,7116.171137,28.643148,Venus,61.708785,-67.142455
1840,12329.045943,13.650245,Saturn,14.7691,-29.496388
70,11602.606608,38.064458,Moon,2.790622,-83.581406
1380,5946.762238,32.373703,Earth,88.684866,-81.899463
2287,3133.691462,33.851055,Earth,12.331577,-20.745304
416,7145.336924,42.54949,Mars,59.633355,-79.490027
275,3016.421614,14.817124,Jupiter,14.262689,-12.976458
1333,1453.672469,23.727453,Venus,36.331644,-7.776659
248,7837.158884,35.90886,Saturn,26.262514,-71.015947
74,10347.274729,48.234225,Moon,10.09828,-121.064723
1004,4578.048089,21.324068,Moon,47.365799,-12.932253
1441,10756.342454,22.560173,,5.369841,-32.039056
1225,9379.122589,40.482118,Saturn,91.850777,-165.791098
2124,4554.782954,43.518383,Saturn,67.817663,-74.378981
1443,7551.200242,10.428257,Mars,34.360718,-12.732049
502,7031.603448,41.354097,Mars,90.432231,-82.717164
299,10614.708117,2.281132,Mars,40.857583,-15.366119
866,8705.945444,49.104327,Saturn,72.252521,-169.630764
18,12733.195848,2.63998,Mars,34.1381,-15.570612
276,4754.96694,48.552995,Moon,30.665387,-57.416095
2392,4218.690807,46.665317,Venus,91.864437,-79.309676
1787,5646.435669,11.828665,Mars,32.096173,-9.673765
1344,13455.73559,33.885927,Moon,4.244186,-77.181165
1764,5393.723994,15.531369,Moon,10.840761,-6.455634
1723,6201.242096,8.265525,Earth,80.605174,-50.153811
896,12641.298329,11.337204,Moon,,-23.291066
387,5544.707957,18.421512,Venus,47.090799,-31.568031
980,4562.601765,,Jupiter,52.736791,-67.783819
1242,,43.14906,Venus,1.730857,-91.924728
1609,12475.038812,45.622702,Jupiter,36.653748,-242.18365
1146,6283.985927,25.270851,Mars,66.461342,-34.55979
1725,1138.903212,44.127112,Saturn,34.796844,-14.22577
1159,6207.282405,3.751787,Jupiter,50.7408,-77.516064
1481,13126.881574,37.448374,Saturn,64.275976,-179.13121
2271,3981.88012,1.348046,Saturn,24.617673,-9.26995
1956,3319.889276,9.07538,,11.822306,-1.004964
1575,7420.696566,44.157812,Earth,,-101.159882
327,3671.076194,27.653559,Venus,25.318278,-21.280965
1117,9207.007926,32.913415,Earth,49.921512,-93.958915
1910,4186.544694,,Jupiter,78.489608,-105.931716
2173,7470.70421,17.952289,Saturn,14.390647,-22.262331
1044,2901.02864,22.587202,Venus,10.939548,-9.215237
1912,,28.182736,Saturn,67.401767,-41.340675
1780,2188.978307,31.50994,Moon,97.646984,-13.340314
2149,,6.268142,Jupiter,54.132887,-123.693077
721,10234.438283,24.414444,Moon,73.379419,-41.705661
1825,11566.759389,25.210603,Venus,46.581775,-83.549265
1865,4545.411791,1.026215,Earth,54.889336,-23.499358
1692,4440.174598,16.251807,Moon,72.268636,-10.078109
214,1499.320031,24.718985,Mars,14.298134,-4.375965
1679,8553.080726,33.388014,Mars,,-52.977722
1437,2588.248108,25.614353,Venus,56.511571,-20.464475
1645,4325.807962,27.700992,Saturn,31.571602,-29.855123
745,7551.725139,13.900032,Moon,96.619636,-18.152108
791,12736.930133,1.863433,Saturn,10.659716,-13.39574
972,10099.684262,24.848146,Mars,72.942752,-57.510783
216,11316.186907,3.903396,Earth,19.160482,-21.13249
842,9005.588457,34.803636,Jupiter,5.73116,-66.336765
352,7458.092243,43.255386,Moon,80.761537,-78.559326
63,4891.543829,12.342208,Mars,1.115376,-2.928061
1369,11432.199553,14.869648,,,-80.170164
1649,8360.813335,29.825841,Jupiter,55.436805,-151.088947
1859,12691.707043,7.451377,Earth,32.95728,-43.557084
1731,6189.042512,3.977887,Jupiter,99.694103,-152.446702
461,7151.551318,41.402638,Mars,28.249834,-67.790494
713,13470.172453,43.486178,Moon,14.470289,-129.531097
1771,3091.533068,37.840594,Jupiter,,-63.589093
1517,8736.990164,29.161413,Jupiter,66.394239,-179.952431
331,7606.218902,28.57926,Venus,77.068591,-82.058804
1070,2930.622115,25.436818,Venus,27.815452,-15.711548
1806,9948.750347,0.726154,Venus,81.845877,-71.251464
1342,13247.334486,0.968587,Earth,21.868973,-27.48226
2285,2242.20313,19.474856,Saturn,78.73845,-21.683572
1593,1225.754995,,Earth,10.913172,-3.380742
32,5692.047086,0.227546,Jupiter,,-49.335835
2300,7361.611664,46.407538,Venus,2.862001,-80.140844
1177,12781.152407,26.694513,Jupiter,45.527031,-188.789072
147,5556.369761,6.871744,Venus,35.322703,-17.720677
1493,13037.475922,20.668002,,78.719584,-281.266782
700,1745.930651,25.607651,Earth,84.385016,-19.177597
170,4492.966742,7.974429,Jupiter,99.482408,-111.232721
1368,6757.444169,10.161166,Saturn,,-4.048647
79,4785.278194,7.676717,Venus,58.903381,-25.411816
2057,2098.338258,26.492575,Moon,32.846155,-7.48365
1950,5232.669847,9.667866,Saturn,20.592589,-12.694967
1896,12174.486555,44.807562,Venus,94.271213,-223.015964
494,8606.027471,27.945652,Jupiter,83.926197,-211.655813
1729,4132.247093,43.555008,Mars,89.871563,-51.973046
266,12044.305172,36.260281,Moon,78.759148,-93.594479
1032,11683.962741,12.660016,Jupiter,,-251.665633
2268,6846.123981,40.066203,Mars,26.371827,-60.648648
1244,6585.775745,24.842339,Mars,85.818689,-40.290064
565,9301.151678,12.232399,Moon,40.45056,-12.072579
2105,4536.921685,,Jupiter,9.046073,-23.119321
1804,1993.8731,24.826369,Moon,99.561034,-8.370425
573,,7.785821,Moon,,-6.066743
1457,13503.790593,32.465651,Moon,75.91925,-86.825688
160,1133.306827,31.398807,Earth,16.538771,-6.425289
2172,6438.554724,26.188214,Mars,36.390017,-29.771028
1904,7077.089446,11.258266,Earth,63.201061,-47.363179
582,11832.964502,14.983809,Venus,92.125604,-108.976919
2132,10838.477461,45.787031,Saturn,28.684972,-145.069861
650,6657.641869,4.007852,Venus,12.920824,-7.164875
2362,7245.23225,20.333952,Saturn,46.395919,-49.072394
1522,4100.230234,48.499336,Jupiter,85.525834,-134.154997
349,4572.164552,14.452095,Jupiter,40.023771,-49.139308
1519,6182.301802,40.089194,Saturn,43.140623,-76.523582
408,3827.293915,24.925917,Mars,18.069596,-13.455263
701,11923.394979,30.585399,Earth,62.594749,-127.985833
630,2960.998482,34.790165,Saturn,69.713994,-38.46987
1889,10634.299834,47.177195,Mars,66.18733,-143.456206
1069,10537.135928,32.961664,Moon,1.703935,-56.53324
96,11039.188057,44.20869,Earth,70.248503,-182.950621
1056,8095.75459,21.071982,Jupiter,57.900719,-133.176854
572,10837.204189,21.973463,Moon,90.108828,-41.031379
746,4268.791114,26.698838,,58.407266,-76.023083
234,11423.681745,44.492718,,39.894965,-119.477608
2308,2378.938115,14.849963,Earth,19.783839,-6.240064
1123,12205.069107,36.914557,Venus,74.920694,-163.266661
1845,2891.557227,8.269692,Venus,7.775677,-1.983051
475,1999.909249,1.251164,Earth,91.862115,-17.038182
990,5417.094639,38.141248,,57.314108,-49.921381
2359,12789.501671,22.470074,Earth,14.260186,-49.178912
136,11651.349,16.194419,Earth,52.161779,-73.899143
218,10589.667777,,Moon,96.62993,-15.937219
629,9523.092176,4.76916,Moon,61.033386,-9.52794
2150,5880.792233,11.207875,Moon,40.393317,-6.553723
1464,6988.681872,39.776068,Venus,68.825267,-96.949725
1121,9192.116883,26.207462,Mars,48.808099,-47.212063
24,12455.017524,31.145474,Mars,21.921337,-69.538799
1113,2622.091509,32.569142,Earth,42.087001,-23.732826
194,4481.596546,35.749547,Moon,27.00795,-29.604957
193,6683.590397,40.750062,Jupiter,,-208.056004
1118,10931.119004,3.880162,Moon,34.802692,-6.004902
244,2251.778678,,Mars,32.662392,-1.826958
2044,11162.617229,35.746297,Jupiter,1.008682,-73.109073
6,,43.685391,Venus,18.19804,-80.598005
730,6175.760621,28.67655,Moon,80.679831,-32.489728
1315,9607.856176,36.020847,Earth,47.911716,-106.489298
49,10338.097799,18.236332,Mars,24.424067,-25.558076
811,10283.103154,2.231929,,45.576437,-45.23238
1276,1958.126397,7.952548,Venus,69.10601,-11.621922
155,5175.100858,6.276507,Mars,25.432192,-4.902239
1082,6523.235049,10.827564,Venus,53.286669,-33.656044
1381,5074.12248,34.573642,Venus,30.455425,-43.03364
7,1907.84428,45.998971,Venus,0.016301,-19.186848
425,13105.800626,33.154397,Venus,46.636448,-125.244547
526,8789.139848,39.213756,Venus,36.46376,-95.003147
569,3625.522981,16.111901,Mars,67.689009,-12.810447
158,13506.227262,43.213935,Saturn,94.448778,-258.288138
2066,6120.220542,39.347705,Venus,94.145106,-97.485857
1905,9407.397766,11.804083,Saturn,2.293821,-7.806799
1269,11429.736817,46.559227,Saturn,20.248247,-147.046238
615,12462.022652,10.311918,Jupiter,,-208.648098
1281,8617.565392,2.122561,Saturn,91.533927,-81.5448
1777,1126.921695,7.907483,Jupiter,,-18.179018
2244,10672.494522,23.594945,Saturn,72.100786,-109.043337
2046,12918.288525,2.671274,Mars,9.263518,-3.900618
1157,13238.929553,,Jupiter,3.929135,-11.978148
1952,11919.785185,48.268215,Venus,60.931529,-202.27679
1445,,22.004849,Earth,58.541044,-33.763689
292,1664.722993,30.847058,Moon,34.421258,-7.851416
1858,4605.273044,34.139571,Earth,91.894631,-67.353374
2295,2480.448551,21.399467,Earth,3.594399,-5.55408
1646,5746.990672,9.711457,Mars,31.311748,-8.386145
1196,9356.193086,32.30319,Saturn,76.701933,-122.737171
2339,6176.83261,40.027571,Earth,5.943279,-52.084119
1528,1423.609334,36.871311,Venus,94.100164,-20.559357
119,2669.172259,45.71303,Venus,33.583941,-34.83978
712,1720.003615,17.642596,Earth,19.279662,-4.929955
1576,,19.577876,Jupiter,68.658831,-58.580532
1886,,40.046803,Saturn,74.263504,-70.289895
2294,9005.957994,24.117529,Jupiter,48.811811,-134.167938
1413,7270.379067,49.087767,Saturn,81.786444,-148.672015
1753,3701.037201,8.765824,Saturn,92.646728,-36.219543
726,5128.139532,28.361184,Moon,12.856721,-20.695648
412,12975.612107,40.474797,Mars,25.242263,-117.435338
1704,10497.37596,22.44021,Jupiter,31.959034,-108.597429
1206,13509.887765,41.662607,Earth,9.435332,-128.755314
786,12110.806052,16.700421,Moon,7.723075,-17.40867
2192,4300.802226,1.158077,Venus,51.183389,-18.554338
2175,4713.567591,17.721741,Earth,33.127477,-21.719895
1591,3803.752637,25.114751,Jupiter,2.633117,-13.478997
2059,11974.869082,33.023948,Mars,16.700352,-71.717258
1507,5520.579874,24.050795,Earth,34.402801,-33.598129
480,13097.823114,10.005087,Earth,36.751691,-52.777694
897,5023.926144,3.294008,Moon,2.991488,0.483218
1654,10515.166905,15.541987,Jupiter,,-172.888264
2002,10370.744895,47.520038,Moon,0.460088,-116.171232
868,4445.095256,28.92853,Earth,94.861805,-58.965413
2148,8016.610002,18.485002,Earth,99.924765,-91.279967
1632,11439.733042,43.247563,,51.963753,-128.03577
95,6994.632693,4.36712,Saturn,53.724847,-38.899013
2170,10165.585701,41.453073,,,-141.057079
1392,8004.249421,20.695996,Moon,52.762334,-23.004818
1782,11418.545316,48.83931,Saturn,41.105175,-184.183355
2197,12768.618055,41.273838,Mars,92.380128,-151.520518
1772,8714.029602,22.354975,Moon,43.934384,-26.9952
880,11197.877037,44.523861,Earth,18.325619,-130.12282
1611,8320.912622,37.838671,Saturn,44.457958,-97.188732
2234,3290.446893,16.181973,Moon,,-8.091156
586,,48.927407,Venus,18.147112,-54.585597
430,6778.539436,24.176747,Earth,51.394174,-52.986619
1851,10032.452915,24.849634,Moon,,-33.839737
1915,,42.733313,Saturn,43.443282,-143.69549
2347,1551.353187,40.682822,Venus,78.455513,-22.634034
187,3599.201792,21.121238,Saturn,98.087201,-43.88506
2076,4999.386058,37.128082,Earth,3.698513,-35.272028
2306,3276.583391,,Venus,50.665855,-36.217553
1356,6044.270338,5.768414,Earth,27.878344,-16.53587
732,5062.680283,7.98148,Moon,13.46001,-1.719901
171,2519.968597,18.317317,,3.914906,-3.387865
1969,9231.581097,47.497571,Saturn,61.797686,-162.692314
1581,4144.603654,3.721704,Earth,74.967622,-29.767793
1013,7459.178134,10.999844,Moon,49.60893,-9.525855
162,12675.323016,10.127621,Earth,22.929654,-34.012317
883,6856.039774,7.201957,Saturn,73.27446,-53.225753
261,2457.997038,17.485724,Mars,39.747243,-6.382288
759,11316.681626,6.553811,Earth,34.83645,-40.104654
1663,5846.13002,38.929632,Mars,53.634985,-54.932494
2108,10133.177749,47.787307,Mars,23.206734,-123.426338
514,12554.015725,41.980136,Saturn,88.718643,-225.899842
240,11671.022662,34.304674,Venus,91.057699,-161.937643
1329,6051.945455,13.221133,Venus,81.961804,-48.287067
1335,4756.863519,27.189777,Jupiter,96.26488,-130.101458
1229,4954.642807,42.220101,Venus,71.543403,-74.600836
1019,4167.494661,18.671291,Venus,78.858531,-35.41489
1553,,33.550527,Mars,91.060653,-66.598236
1640,12022.777638,17.001091,Moon,70.298624,-30.109395
1264,12884.203728,18.094533,Moon,59.496727,-32.548953
1879,12255.001468,44.174624,Jupiter,54.763872,-284.945347
1827,4554.633882,16.641041,Mars,17.084232,-8.193283
1831,12270.401571,14.411412,Saturn,45.858015,-70.487613
262,,25.560646,Moon,53.016446,-5.86438
1025,8505.919064,0.054975,Earth,5.210031,-3.347538
2083,4615.310277,28.647884,Mars,75.087393,-30.79602
1990,4985.777965,31.373949,Mars,66.29284,-35.800465
2318,10297.839907,,Moon,45.722286,-7.355779
1789,5983.026514,40.388126,Earth,1.104072,-48.445605
789,3479.743387,45.242949,Mars,7.431791,-35.573292
1263,13404.901968,22.308019,Earth,42.682767,-88.483323
1394,11153.380709,8.00587,Saturn,59.257701,-71.574755
1026,8242.00213,30.046814,Earth,83.445377,-103.67381
423,12891.552391,24.195928,Mars,25.790512,-49.071341
954,7452.568417,28.026917,Earth,78.867478,-85.930036
1444,13317.822312,2.340782,Jupiter,27.362763,-89.702696
2248,8737.646613,,Moon,76.070133,-68.481367
998,8948.348508,2.731552,Earth,1.090503,-0.291114
1570,4908.523956,48.47525,Moon,28.212247,-58.921779
1756,6650.173484,21.589834,Saturn,27.777474,-33.784218
2068,11319.77349,,Moon,17.278474,-39.458958
169,4422.099775,,Venus,79.379939,-39.335559
1750,1834.588179,12.802188,Mars,43.078753,-3.435487
631,9143.027317,40.821615,Earth,8.115267,-82.458734
1494,2127.262074,47.443858,Mars,46.0589,-26.576514
2360,3427.982729,14.683238,Venus,73.034609,-24.902377
252,8022.202086,27.984524,Jupiter,30.513505,-91.094607
367,2855.099157,23.810968,Mars,41.070133,-11.443986
1323,,38.088591,Mars,57.900676,-82.811713
2052,7493.102967,43.6776,Moon,43.698542,-75.79505
1837,11762.783722,42.68887,Mars,,-143.374182
973,3570.578105,16.685691,,68.822984,-7.963704
238,8923.527679,26.58905,Venus,51.933302,-71.649755
1863,,40.796236,Earth,53.416278,-29.723754
1041,10529.965077,11.430385,Saturn,41.056914,-51.013924
836,7038.462949,45.069671,Venus,54.89361,-104.755998
1888,4003.306166,2.383217,Jupiter,47.606022,-46.358838
1234,11216.308418,46.356321,Jupiter,8.328306,-142.671148
1247,3444.468363,8.413204,,73.280802,-9.583569
219,3369.1771,47.817874,Mars,16.073249,-39.528043
1678,11681.571503,8.911933,Earth,11.091578,-16.34943
2036,12624.305167,5.353682,Jupiter,21.355059,-67.641233
1415,12794.131297,11.464074,Earth,61.461604,-84.548065
1011,3065.847038,15.727476,Saturn,52.072857,-19.45893
398,6508.678022,8.840989,Earth,22.050549,-15.622996
1374,7417.564138,1.229665,Venus,28.030967,-17.498716
1385,4675.246108,40.752793,Saturn,5.754563,-40.631791
1063,9737.550979,48.169153,Saturn,29.42187,-141.878887
1284,10320.806177,5.322351,Mars,36.586147,-14.470715
862,4394.486455,13.758677,Earth,74.013941,-35.066753
377,12703.826437,9.341489,Moon,95.067507,-24.168364
336,1110.868795,38.525607,Venus,26.658331,-9.870635
2127,12591.803262,6.288856,Mars,64.753088,-31.739798
2210,11314.221741,18.542668,Jupiter,43.948675,-141.717924
1797,,19.307214,Venus,96.180993,-107.080794
2205,7039.008234,9.564837,Jupiter,89.998208,-159.264044
564,2302.449056,23.291305,Jupiter,8.040166,-9.834362
1690,4749.017863,19.301005,Venus,24.393424,-18.121163
737,8509.830453,30.41786,Moon,66.807674,-47.606924
407,11805.871805,24.418106,Earth,72.262999,-117.887722
338,3087.995452,27.855274,Jupiter,73.595298,-67.318366
143,4547.326105,22.918165,Saturn,31.132596,-25.722154
270,5146.024253,41.339525,,24.526447,-47.654181
2209,5261.114975,42.876102,Venus,73.685768,-81.745387
1906,1924.18972,20.069705,Earth,7.612823,-4.312271
1541,1870.537001,25.663847,Venus,,-6.936748
1511,8454.334739,44.173993,Earth,38.975693,-113.81176
601,3833.453602,33.648149,Moon,94.257656,-26.572792
118,9305.395803,44.139546,Saturn,13.078785,-102.354314
1815,12886.540153,6.674002,Jupiter,32.508529,-105.720861
1199,9768.728599,47.892417,Moon,10.80959,-112.747795
1197,9850.968287,40.779797,Saturn,60.842127,-143.482942
81,6227.762334,7.414378,Earth,39.414003,-24.791522
676,6795.842265,,Earth,27.002847,-23.305712
20,8566.91636,28.636118,Earth,4.785147,-38.147032
2186,3719.265561,24.262371,Earth,44.778433,-26.28482
665,1780.358289,41.566266,Jupiter,38.187198,-31.234061
207,9971.814713,14.633497,Venus,74.089125,-75.208613
801,1822.004895,40.583974,Jupiter,54.445236,-38.5963
1759,6483.04966,3.092121,Venus,20.026928,-10.826344
1140,8005.610093,29.112205,,24.645592,-52.280016
708,5826.82118,39.833889,Moon,65.747008,-51.453524
822,3499.304447,43.532817,Mars,66.155337,-40.74633
1143,11635.934375,12.717899,Jupiter,16.135127,-54.952819
1265,11334.899847,39.295496,Moon,42.276219,-94.300081
531,3854.399672,42.106885,Saturn,21.808882,-41.944935
1328,3660.300355,8.019794,Moon,14.855035,-1.060675
1619,4554.592627,6.577984,Jupiter,1.935081,-2.170251
449,9141.207466,30.08151,Mars,85.050658,-69.203244
1357,3033.114268,40.385463,Mars,88.39757,-33.682078
1740,9442.106915,21.478634,Moon,20.131076,-23.868514
2282,3944.977169,30.992779,Jupiter,36.824364,-53.959534
1800,7699.653726,41.753732,Earth,1.324826,-67.117575
1304,12007.395593,48.191165,Earth,86.501376,-240.321358
939,3184.914595,11.536001,Moon,96.572494,-6.117327
76,2724.639097,23.656111,Mars,97.885379,-16.518354
2284,4709.682568,46.514635,,83.391245,-88.478023
1637,11661.678709,21.128259,Venus,90.831638,-118.984481
429,5040.388267,16.555759,Earth,46.777449,-29.037355
548,10755.317562,44.643334,Earth,81.520218,-192.189914
131,12046.43172,9.423357,Mars,4.43542,-6.330885
757,1564.941654,45.011495,Moon,26.167088,-15.518567
894,2742.333566,16.345792,Jupiter,84.61538,-60.187159
153,6380.874012,8.320457,Mars,17.248972,-5.292096
1360,4670.877836,36.802157,Earth,36.774477,-47.481703
1340,8707.238314,,Moon,32.989155,-6.014084
392,6340.257167,26.632422,Earth,75.194899,-68.254941
1100,13270.869056,26.47821,Mars,,-46.489827
2060,12099.882467,15.661497,Saturn,7.010812,-22.695699
651,11780.0508,43.188046,Venus,19.16179,-128.883159
1988,13205.631166,24.346641,Venus,53.258601,-100.522682
1384,5230.599896,28.131563,Saturn,,-37.3151
805,,9.079761,Jupiter,78.903398,-19.402153
2067,6843.115364,27.798287,Saturn,19.450455,-39.335725
1186,4351.745228,,Jupiter,25.400579,-57.413877
1107,2086.178246,16.320927,Saturn,75.103741,-18.135874
2235,6874.506159,2.916259,Jupiter,26.531655,-44.507307
814,5353.401641,15.787488,Jupiter,,-128.241385
1096,13370.438044,10.530337,Venus,,-101.094447
699,,28.613663,Saturn,2.458887,-21.917201
364,13157.063872,39.42971,Jupiter,74.559568,-344.462748
1148,10552.588735,,Venus,77.526619,-166.871482
2114,6796.745851,8.956585,Venus,87.515983,-54.487068
1883,11053.215871,25.577314,Moon,97.383067,-52.64645
177,6268.054238,7.354737,Moon,21.458917,-2.88098
1402,8748.7678,28.801811,Moon,97.459241,-49.142988
922,7441.85421,10.042339,Saturn,74.23709,-60.429493
675,6277.244864,22.41087,Moon,15.242246,-16.318428
598,1849.903694,46.687228,Earth,57.63472,-29.620443
2144,11105.898405,38.369248,Jupiter,,-198.169719
647,11406.588217,9.442911,Moon,3.546387,-4.742894
1853,8087.546328,9.136152,Venus,59.75809,-45.243692
2118,8052.462692,15.360515,Venus,81.374557,-66.621765
1887,7049.496587,10.722468,Earth,63.057463,-46.660192
353,,45.028074,Mars,23.378623,-119.938913
1778,5826.588977,27.192679,Jupiter,43.531652,-83.419731
1346,12968.786527,46.422213,Moon,68.587057,-153.19432
740,9822.088013,18.655176,Jupiter,61.829633,-166.639901
174,9474.268972,49.605632,Jupiter,83.083903,-310.704331
504,1200.471182,12.004522,Moon,67.113945,-1.174227
859,6476.583069,42.981999,Venus,10.526601,-64.873136
205,4623.507271,11.055758,Moon,66.88036,-6.850506
2093,1433.774984,39.231018,Earth,78.220137,-21.035343
1039,8899.65981,18.780718,Mars,91.092041,-44.771766
2312,6216.763949,9.790739,Earth,71.485527,-45.576139
768,3762.57698,45.288289,Moon,,-43.676821
2069,,30.360274,Mars,95.909741,-32.213917
1422,11880.454705,14.861901,Moon,61.781986,-24.048012
1180,1919.181618,37.437788,Earth,58.977085,-23.553227
2104,5812.54248,33.496433,Earth,59.683172,-65.64065
280,2699.294356,23.364161,Jupiter,84.692938,-63.040217
2185,4903.970327,16.043237,Saturn,,-40.429226
2056,8921.518167,38.464842,Mars,3.996212,-66.321597
905,6526.377413,6.226718,Jupiter,37.097753,-60.28525
895,10751.974963,5.237451,,32.031724,-13.252081
2008,4559.358843,32.036795,Saturn,8.990313,-26.676994
1629,9261.949844,18.165688,Moon,10.4004,-15.847187
448,6200.640453,31.754118,Mars,72.41566,-46.920045
1432,4504.860839,36.549226,Earth,28.860125,-41.843065
2356,4750.877837,44.147632,Jupiter,80.375899,-139.959746
1911,9917.571573,18.511657,Saturn,99.023863,-118.521599
21,12971.631705,8.550359,Saturn,73.40792,-103.153512
2194,4254.999857,,Venus,44.96443,-52.488251
43,5666.423646,1.455621,Saturn,75.146285,-43.514667
995,1163.745293,24.722879,Jupiter,,-7.849773
1435,5477.711848,45.146659,Earth,24.82503,-68.163997
1769,12238.517568,37.415311,Earth,95.187349,-198.945637
1630,,38.915745,Mars,96.68396,-140.192284
2030,,42.935221,Moon,80.799161,-135.73953
1857,3192.017289,20.296154,Venus,58.175366,-22.045804
380,9119.627693,28.139383,Venus,65.540431,-88.122114
945,10344.762043,,Saturn,90.061342,-126.634716
1326,1347.998969,45.303884,Mars,16.444804,-13.655865
1805,11695.756584,10.051552,Moon,48.19077,-14.067275
1708,11960.788773,13.427442,Jupiter,88.285353,-271.555517
182,10287.30955,28.464899,Saturn,39.172758,-82.747838
211,13037.831493,8.711012,Jupiter,48.421224,-160.447861
250,12281.621485,35.346564,Venus,17.974433,-95.303022
764,12002.173723,44.132787,,69.347668,-129.408585
2141,1076.70543,6.788144,Saturn,3.242192,0.387484
2061,6047.293847,39.473237,Earth,84.03869,-95.967616
1462,12620.332262,25.234171,Jupiter,37.300219,-155.87756
715,4780.90535,2.916492,Mars,10.277424,-1.026253
1705,7002.160353,48.964074,Earth,83.968666,-140.616796
144,11179.172665,26.599234,Jupiter,26.910507,-113.124941
200,10474.61487,21.860336,Mars,91.198481,-59.468223
1766,10487.094311,35.643747,Moon,59.835383,-75.81491
727,7936.414367,16.116531,Mars,90.823328,-36.049233
533,7578.613654,49.751256,Venus,1.862855,-94.044703
546,,13.324234,Earth,90.995611,-120.979271
476,3066.176698,,Earth,70.906035,-35.251496
1428,12680.973042,30.260255,Jupiter,9.384058,-86.558611
459,7630.903861,22.768988,Saturn,34.743684,-46.459451
2391,1722.652811,21.878315,Venus,86.729166,-16.374987
1914,5749.622194,18.477679,Mars,20.941647,-13.282397
1162,,21.830103,Venus,63.836628,-49.366096
1812,6488.563689,37.706775,Venus,69.068907,-84.878843
145,1564.054887,33.945433,Saturn,15.223536,-10.497053
2152,6977.642976,39.005375,Jupiter,97.817874,-221.280823
2388,6009.789027,19.256254,Venus,1.076836,-10.716275
1383,6263.047131,36.351032,Moon,19.6172,-42.376407
1513,9391.53082,39.509061,Earth,86.773784,-152.24478
1110,2565.974649,37.207161,Mars,40.534049,-20.620074
827,6354.383712,14.643714,Moon,68.430987,-12.879215
246,,6.655172,Venus,85.433051,-37.312302
1275,11842.646964,14.167838,Venus,5.470089,-16.631749
5,7785.047967,21.802127,Moon,82.078406,-27.885936
3,10115.661241,26.224657,Saturn,32.559694,-68.169832
314,10042.219086,24.52674,Jupiter,87.650291,-247.407465
1418,6415.261368,26.567077,,60.781056,-118.30251
1934,5130.900826,30.450641,Moon,64.80827,-28.191449
994,9580.295044,23.223241,Saturn,76.574903,-101.423073
1842,8229.634662,2.678708,,,-14.849854
1820,3909.860929,44.031542,Mars,73.660963,-47.586688
695,12621.332908,28.499135,Earth,61.27513,-126.123249
1293,1868.806112,48.223577,Jupiter,68.284155,-52.364149
332,1491.817709,33.945159,Jupiter,84.499831,-38.844776
1893,6711.716117,11.559514,Moon,88.416955,-13.127406
372,4459.232072,,Venus,23.962572,-9.254191
932,4022.43755,28.81242,Mars,77.057123,-27.195666
685,11349.840029,37.918414,Saturn,48.168614,-137.67046
1164,2514.120329,28.232038,Mars,76.066335,-16.114373
1097,12933.206035,20.302646,Jupiter,27.289476,-113.1491
1963,1480.444553,10.006105,Moon,2.330982,0.202797
1844,3814.925252,44.65572,Saturn,82.819352,-70.022489
309,8678.271677,44.21767,Earth,74.247324,-147.048488
1099,5364.246096,1.387334,Mars,48.188012,-8.641689
1943,1212.399285,35.352188,Moon,68.997435,-7.935497
509,7004.639581,24.97899,Jupiter,67.294467,-137.70621
1169,8146.531284,24.986875,Venus,63.13949,-70.055613
2276,10643.041858,7.349684,Jupiter,,-170.814642
251,1721.394853,29.958595,Mars,68.625114,-11.107567
1092,12009.886798,40.396213,Saturn,66.644164,-180.552507
1486,5679.599053,44.48043,Jupiter,60.500227,-140.368343
2111,8909.298038,9.119845,Jupiter,5.659559,-15.204788
689,8054.575638,24.443087,Earth,2.725543,-25.215215
1314,11617.214363,8.980791,Mars,30.892825,-16.999675
1042,6457.096547,26.320935,Saturn,65.442459,-65.48324
1093,8229.019264,44.356791,Earth,75.448444,-140.861027
1803,7986.447383,41.069142,Moon,0.585071,-66.428612
2370,6167.951733,27.821702,Moon,99.705294,-32.86481
508,7154.547747,32.588689,Earth,33.885366,-60.77428
2041,8106.126885,39.895476,Moon,98.218328,-76.448309
1212,1444.370572,29.873509,Mars,67.22879,-9.047505
1727,9929.015383,39.864231,Saturn,75.414958,-156.068148
2165,6269.286779,45.722285,Earth,81.886602,-114.892232
1855,8807.728875,1.562649,Mars,28.498886,-8.420025
874,3690.118299,47.523464,Earth,45.206777,-57.035166
344,2385.092504,19.605655,Jupiter,33.080534,-23.143273
278,3078.706615,,Saturn,0.674292,0.534095
1561,9802.676217,45.521747,Jupiter,33.004033,-180.769523
996,12166.04259,29.2093,Mars,32.324706,-65.489401
1480,10374.815413,12.429641,Saturn,27.138851,-36.409259
1811,5516.761333,4.957064,Saturn,70.023157,-40.007632
2029,10824.459121,12.67008,Saturn,84.234672,-102.879675
135,10062.324985,21.745906,Moon,87.777598,-37.144344
532,4054.217856,10.255727,Venus,46.189993,-17.742455
1282,3611.340272,27.7527,Mars,1.974355,-13.17202
2236,2112.068564,6.900527,Jupiter,15.42148,-7.577261
2136,8270.526942,8.213498,Moon,45.966222,-7.967392
424,12621.478929,29.633769,Saturn,49.153256,-119.186787
2290,10160.667391,22.059307,Venus,93.932218,-108.37809
2216,8968.229276,19.436061,Earth,75.092032,-82.003928
2000,8546.798751,2.804712,Jupiter,90.053801,-190.13778
260,13413.767658,23.554682,Earth,99.146443,-166.677211
2015,6800.668153,44.529487,Saturn,55.028166,-105.493815
1449,3461.12492,32.624815,Mars,83.142106,-28.095825
419,2355.648267,3.643181,Jupiter,99.156237,-57.060122
1175,2343.831114,36.362096,Saturn,55.757858,-28.138815
1236,7551.825701,36.11288,Earth,94.866201,-118.523311
2167,1197.07111,9.481459,Jupiter,39.511539,-11.263276
1479,2468.550975,18.557375,Earth,61.15335,-18.059742
545,12456.804803,49.966472,Moon,,-169.267225
1296,11965.718493,29.311565,Moon,52.776141,-60.66475
884,5178.788214,47.162989,Saturn,26.468496,-70.907727
878,6713.314914,37.918586,Venus,31.82255,-66.212072
1010,10964.478554,9.625321,Venus,51.100403,-53.776777
909,4600.284171,37.48507,Mars,52.288795,-40.244154
2079,13566.868365,22.81991,Moon,35.012622,-42.043556
1005,6035.78761,9.200753,Moon,81.610266,-9.559225
2387,3663.357641,41.253755,,27.608974,-33.925185
2237,2980.101712,39.573935,Earth,19.933591,-28.163176
1774,11452.980285,23.009416,Saturn,97.80802,-146.266124
164,10720.173542,0.122485,Mars,54.872642,-20.824666
2314,6050.251056,43.536718,Jupiter,37.306545,-112.294105
363,,16.867336,Saturn,15.457524,-28.774434
967,6312.429194,,Venus,90.778063,-56.589025
1419,11234.208936,48.504343,Venus,69.270368,-200.178145
1788,9596.998126,1.699953,Jupiter,24.785915,-58.106735
649,4337.961964,26.248555,Mars,12.682243,-15.985048
1488,2214.777421,39.692436,Earth,93.533409,-36.768765
2351,1765.497593,32.536227,,57.17444,-33.368189
1074,6470.558321,15.044615,Moon,55.511151,-12.159553
1406,6563.26036,8.204693,Venus,89.501046,-53.31313
1014,2585.182878,41.080301,Moon,94.373123,-24.7782
1953,4398.521728,30.320213,Mars,12.714215,-21.292913
334,1654.656879,35.828978,Saturn,52.869384,-18.753529
1568,10660.772034,29.680786,Mars,,-53.006034
1377,5949.166727,37.15769,Mars,50.015701,-51.109063
785,8197.273714,3.626571,Earth,57.031983,-45.401468
1395,,21.361259,Earth,77.467161,-97.562768
761,5531.714633,9.382145,Venus,56.065683,-28.943997
912,11107.320228,2.667706,Moon,80.314721,-13.891556
386,11586.761362,13.26913,Mars,21.568663,-18.472091
717,2732.061284,10.418636,Saturn,93.086198,-27.033514
1476,5017.784532,,Moon,32.915481,-16.228087
1603,12234.133159,41.0341,,50.988962,-167.124327
804,12477.230707,1.311042,Mars,90.698414,-41.092004
1866,12580.648604,23.451413,Jupiter,,-182.268187
591,7539.379373,24.18593,Saturn,47.99417,-58.827897
1878,7481.723538,30.62393,Mars,94.85029,-60.410519
1808,,40.554467,Saturn,2.367183,-80.251361
1207,4521.962686,47.009311,Earth,72.243627,-81.012469
1089,9081.314611,32.200641,Moon,3.385949,-46.580894
1672,5056.496811,3.675305,Mars,10.714547,-1.351519
2221,12888.699782,0.134869,Moon,51.734595,-9.836537
77,5328.560274,29.596633,Jupiter,71.918389,-117.338649
1709,13396.456291,28.373321,Venus,17.686872,-73.940475
1483,2672.0839,27.982307,Moon,24.100513,-10.507813
920,6658.35249,35.98587,Saturn,39.367403,-69.477802
1556,3703.095247,15.172125,Saturn,41.667006,-19.370735
483,4198.043229,9.9022,Venus,59.973439,-23.390261
872,13241.869171,32.871848,Jupiter,93.941333,-378.92046
744,11424.097242,40.703731,Moon,59.592401,-104.699689
2375,,7.795152,Moon,9.104966,-1.784052
921,4889.959287,13.3535,Venus,6.944285,-6.371799
916,10803.734678,32.363639,Jupiter,87.942746,-291.111727
2040,4867.896172,21.729177,Jupiter,92.162376,-121.709141
1310,12452.437476,4.429901,Mars,26.846306,-12.624437
1684,7850.499009,46.037767,Mars,13.462737,-86.11579
468,2120.227831,49.167217,Earth,18.904316,-28.559346
1500,2126.360403,22.237022,Venus,46.691273,-13.063624
1880,12944.527408,10.108651,Moon,50.085244,-16.14903
1734,12667.238799,11.662755,Venus,95.974586,-115.450496
1213,8283.452034,8.093225,Moon,6.274558,-2.557437
2112,8676.367409,39.460725,Venus,21.553376,-83.139319
820,6781.546701,38.361128,,7.90525,-54.156935
2156,5276.963806,49.19993,Moon,54.668069,-67.555789
955,9321.836969,35.814115,Mars,73.198541,-84.098305
127,11041.587104,,Earth,55.441591,-67.066537
1993,13049.680076,28.985528,Venus,25.463963,-83.293857
662,9780.864886,1.046401,Jupiter,96.726167,-233.583204
664,2922.753722,21.735295,Earth,12.724396,-9.552247
1254,5701.207259,33.375117,Earth,36.916963,-51.40006
394,4462.51003,25.78586,Moon,81.467112,-19.743503
978,7193.109672,12.73567,Jupiter,53.600777,-100.412913
495,13468.988946,49.851925,Earth,26.757325,-201.721292
505,11947.953003,33.390549,Moon,62.244222,-77.69056
1707,2426.966741,22.636014,Venus,14.139287,-8.261549
1352,4472.919266,3.307264,Moon,6.376408,0.291907
580,2657.057197,22.761984,Venus,56.185685,-19.125109
1295,7832.467358,18.236485,Mars,22.244729,-18.488169
1551,1608.090471,14.922258,,71.107729,-2.648547
1681,1542.27101,8.986884,Mars,46.657296,-2.29245
2365,4919.289663,14.02518,Venus,4.515427,-5.808527
781,9017.680069,47.163037,Venus,90.761302,-171.889558
677,,47.668146,Saturn,81.203579,-207.954034
1746,8303.621501,25.562494,Mars,,-35.397506
10,9558.297951,31.73758,Saturn,50.276635,-97.309489
1266,1803.398592,7.544444,,28.500121,-4.87909
1871,12536.501125,48.626392,,61.387607,-227.559172
1935,9339.063223,34.528036,Jupiter,37.132136,-140.636071
1291,,26.102598,Jupiter,73.852741,-293.685562
2031,13356.090738,25.823741,Jupiter,25.555625,-128.147622
229,11292.864329,31.426728,Earth,40.212673,-99.315183
788,9821.746603,26.03479,Mars,83.358516,-62.661148
2190,6642.926968,43.190564,Venus,11.378673,-67.664032
847,1648.73244,33.813068,Mars,79.41781,-13.283
431,13036.532977,19.670474,,,-25.373223
438,4133.391514,6.304874,Saturn,57.031909,-24.432297
524,13212.878803,7.064923,Moon,83.845672,-20.299925
282,7680.587865,35.029226,Jupiter,28.510602,-100.406889
637,4279.917723,7.418727,Saturn,63.122896,-28.382568
570,4680.828902,36.36954,Moon,85.198223,-36.438151
2201,10028.265245,12.875819,Jupiter,83.209307,-214.171681
626,11482.494319,5.917251,Earth,29.841321,-34.624472
1903,12478.864682,3.285373,Jupiter,83.412431,-257.710701
53,7588.618133,1.410784,Jupiter,76.141017,-142.313402
795,12759.09144,40.900672,Saturn,58.035554,-183.027395
2143,5426.949337,13.111749,Venus,8.354952,-7.686777
684,12543.522454,21.061735,Mars,8.584139,-30.81608
415,3423.781037,24.352124,Earth,11.48058,-13.007971
908,3352.736118,43.402832,Moon,41.742238,-32.853718
146,1103.527963,44.915425,Saturn,24.215874,-12.921131
933,10696.926851,1.45138,Earth,,-63.180059
1423,10833.062422,49.785904,Moon,60.824575,-143.963496
1776,9531.603355,40.479848,Earth,68.137349,-140.805139
432,8624.120173,3.644063,Earth,69.124319,-58.053591
1613,8788.450092,5.901951,Earth,55.621873,-48.48487
953,11094.303697,5.503405,Saturn,22.335815,-26.550445
329,4982.193592,,Jupiter,91.395466,-158.65594
1739,2427.790972,7.762115,Earth,61.529454,-14.385619
1458,3831.514869,23.440056,Moon,54.957975,-12.947665
600,10987.658094,34.501033,Venus,3.409203,-67.716844
1252,,1.442954,Jupiter,34.556977,-74.780261
1875,,6.784019,Mars,75.109431,-38.752209
1417,9520.399661,40.195842,Earth,28.749644,-102.761587
1084,7728.208662,33.404297,Saturn,,-88.427028
1775,4061.304803,5.541533,,85.179959,-12.458025
1431,10163.201734,24.491113,Moon,85.874662,-43.66256
652,1008.711043,32.560815,,49.785884,-6.210357
228,9629.790867,1.816983,,76.722434,-26.569219
231,4049.484854,24.520634,Jupiter,53.415015,-64.795583
305,5907.043591,,Mars,13.254823,-69.746044
950,,32.460733,Saturn,62.638973,-40.735178
2327,7627.103608,13.493427,Saturn,97.025688,-83.20204
1297,4238.791816,5.612256,Saturn,78.041199,-34.203116
1762,2862.324774,37.214106,Venus,4.320795,-19.917019
1045,6563.171564,9.942127,Mars,80.160877,-21.762378
1668,9904.683965,16.640856,Jupiter,27.746891,-80.842847
455,9785.371576,44.208004,Venus,13.742458,-106.548024
1312,9718.217615,8.143478,Moon,41.376621,-8.756616
288,2166.53072,39.744429,Mars,95.430447,-23.782008
2213,6352.603531,18.132916,Saturn,27.639508,-27.774612
1907,9336.100515,19.326771,Earth,39.284786,-52.416105
2039,6299.26481,,Moon,11.281149,-4.372129
641,1793.934162,39.259108,Venus,66.158152,-23.351967
2243,3403.611692,6.872549,Earth,44.696246,-14.727618
2032,,3.516775,,23.842991,-0.305189
2358,6299.145474,2.067034,Saturn,70.490012,-45.490972
1701,8858.722562,7.973273,Venus,71.732713,-58.181202
611,9611.685099,26.88105,Venus,71.337721,-94.546015
1237,2278.22698,12.653466,,27.90257,-6.462353
750,1891.215248,49.617631,Venus,89.02779,-37.214485
418,9274.478973,5.085508,Moon,33.788262,-5.29154
1160,6441.003195,31.887026,Saturn,61.797344,-73.300546
324,3466.756549,27.215698,Saturn,,-26.933561
1228,2633.173899,3.754353,Moon,68.896705,-2.133601
2357,1476.497276,31.537446,Saturn,5.041009,-7.119752
296,7405.231116,48.990335,Saturn,50.234646,-126.701446
2266,2833.99696,17.739702,Moon,54.096425,-5.950525
1669,12982.033125,9.04258,Mars,3.905521,-6.18862
1624,12579.726743,38.756709,Saturn,94.494081,-217.580231
1131,4627.492465,3.539728,Venus,6.605976,-2.001385
395,12682.824761,3.533307,Venus,73.103573,-82.030754
2247,11206.037786,24.404249,Mars,14.648062,-38.459597
2009,10850.611203,2.247867,Jupiter,94.767336,-254.185619
203,12923.076682,31.027659,Venus,1.846351,-63.32267
94,4484.694713,27.410258,Venus,,-47.153217
175,1898.880059,37.436657,Venus,97.900485,-28.795877
2223,2422.644482,34.823095,Moon,94.870232,-17.423923
1470,2899.034452,15.585752,Moon,15.105628,-3.23272
1181,6342.832676,46.989155,Venus,40.49989,-91.809873
2377,10915.424046,26.043137,Mars,85.134239,-70.492811
1975,1601.363803,21.158975,Saturn,31.068893,-7.778842
1274,7647.510434,27.162935,Mars,94.815113,-54.113817
1404,1469.796981,25.978209,Jupiter,76.008963,-31.654419
1697,4566.494761,36.138144,Venus,92.233286,-66.177338
1453,13477.767273,38.831819,Earth,14.650276,-119.986452
1442,9045.187165,16.523726,Mars,46.923781,-27.094712
1948,8829.101133,12.505896,Earth,22.505366,-25.396925
506,2626.32485,46.494071,Mars,50.49767,-32.306939
599,6486.944287,26.8517,Moon,76.579876,-30.458385
410,8176.454573,22.719618,Saturn,73.314175,-82.685237
1677,4527.142597,1.330696,Venus,23.156333,-8.338683
1345,3033.288991,14.392302,Moon,63.345127,-5.263894
1832,11823.458877,18.362376,Saturn,63.6646,-97.518599
1554,4991.236303,23.19683,Earth,43.923993,-33.935701
870,2482.242136,0.727097,Earth,63.406402,-14.446525
2326,10939.593282,12.406902,Earth,25.575649,-34.866848
1675,9562.639528,29.841331,Venus,75.098253,-105.276691
2089,5282.728179,40.655834,Moon,90.399234,-50.419286
936,9821.431754,34.038475,Jupiter,12.592824,-86.556589
2138,8957.249256,35.794545,Saturn,85.256398,-136.108749
748,10632.057483,3.212107,Saturn,72.326251,-79.829672
898,5466.429934,33.159253,Earth,82.672244,-73.386235
762,8269.584076,6.543779,Jupiter,55.495537,-114.538072
1966,3732.875557,21.122967,Earth,40.4063,-22.124256
1035,3167.475408,16.597672,Earth,16.223819,-8.40414
1066,3781.628321,25.941254,Moon,80.614711,-16.6781
1658,7980.195291,19.816641,,54.348897,-59.94891
1054,4813.413483,3.898852,,79.117481,-93.7724
1393,12259.268718,,Saturn,5.63232,-17.00177
979,10595.041354,24.894768,Moon,34.916396,-37.842893
528,12674.387734,7.457216,,63.222795,-15.545409
1101,1205.896172,42.637372,Moon,69.898102,-11.330978
753,5929.826237,28.649128,Mars,46.30126,-33.52131
57,9938.369361,13.241319,Moon,4.93861,-8.510175
97,10037.252127,4.924783,Moon,89.164247,-14.760357
1957,4935.307438,19.766263,Venus,30.990593,-22.207747
2348,,31.210172,Earth,94.759435,-25.328582
720,4023.156838,42.118246,Mars,19.553151,-37.602813
1030,2819.275591,11.356046,Jupiter,43.877068,-31.483479
778,3369.362747,,Venus,22.735705,-6.325168
1838,7629.045711,,Mars,37.27493,-14.422682
1280,10008.230195,17.228128,Jupiter,44.207264,-123.532636
2228,1976.829066,31.125896,Moon,97.492211,-11.70776
513,13047.859518,17.381026,Mars,56.483847,-46.051247
724,9292.199938,12.497259,Jupiter,59.952342,-144.358747
126,7711.324542,23.66341,Saturn,46.515384,-58.037831
1817,7394.461215,19.075394,Jupiter,56.775082,-116.526799
1868,2644.979903,3.683618,Mars,15.720822,-0.722114
2396,4219.40874,33.4498,Venus,95.881166,-58.489886
1412,6861.05574,46.550626,Earth,35.403003,-97.166878
535,,29.677111,Moon,89.368965,-7.088082
4,13322.667851,17.199644,Earth,80.11854,-123.417298
1666,4798.055189,31.333948,Earth,19.134615,-31.560501
1472,11580.042197,1.345379,Jupiter,98.214446,-281.048272
1664,8378.12987,,Mars,98.935179,-29.83566
0,1961.484446,14.243012,Mars,26.358794,-2.907725
180,7740.896188,11.943714,Mars,24.739579,-11.626175
388,,16.752452,Jupiter,6.109932,-38.312297
149,2883.527422,6.187107,Mars,41.993121,-4.044288
13,1830.797971,23.854644,Mars,,-6.604796
2372,4809.740601,1.124096,Venus,91.067993,-37.882178
2298,9564.698863,45.83588,Mars,64.44237,-122.341108
1933,2613.954256,7.986852,Moon,7.477318,-0.15133
2,6523.956316,26.177745,Saturn,3.149047,-23.498318
1153,3817.531844,6.110176,Moon,46.908263,-2.622572
1043,12549.163761,25.110121,Saturn,58.83346,-115.642019
1299,8168.99421,5.001192,,40.749311,-34.774376
796,10689.513385,31.130748,Saturn,44.783663,-100.775197
587,11979.084587,24.804121,Earth,33.147511,-74.803562
1285,1273.335989,38.604982,Mars,65.472435,-11.581515
691,8936.526463,10.169064,Jupiter,86.767575,-195.842467
1869,1894.148429,34.850291,Saturn,15.401436,-13.548242
1793,9345.020767,48.899741,Venus,25.905515,-132.201519
527,9427.721702,20.868253,Jupiter,83.485566,-214.644915
1667,2443.95475,7.405565,Saturn,55.897947,-13.93246
2218,3735.904583,0.686414,Saturn,97.798964,-37.153178
73,6833.754566,16.959205,Venus,33.470334,-29.115617
942,4200.189545,39.294019,Saturn,55.580819,-55.798059
1226,10980.566498,46.044927,Venus,30.547296,-145.153774
680,5917.083661,29.98566,Saturn,98.066708,-86.181502
869,7055.327638,23.285042,Earth,22.92819,-33.995987
2382,6641.519956,29.145526,Moon,61.900285,-33.889153
503,12373.562676,,Venus,24.331307,-94.96186
1132,2570.587692,25.078983,Moon,32.163967,-8.42748
427,12541.829203,7.197739,Saturn,28.391899,-39.424215
2325,3753.069467,12.132209,,43.065341,-16.098415
1498,2410.553338,8.623662,Mars,8.771143,-0.680751
1712,9136.906559,47.585444,Venus,62.314716,-152.949454
1973,1697.8585,35.049198,,48.844994,-12.505413
1024,1469.475774,28.698913,Moon,6.468574,-5.205967
52,8993.186345,2.675114,Jupiter,13.391547,-29.177046
2116,10020.075487,41.959915,Saturn,78.657084,-169.491304
1399,,25.987509,Earth,38.991817,-18.464757
818,13274.803613,19.723863,Moon,64.660619,-38.769836
460,5628.680667,35.638335,Jupiter,71.260415,-134.177896
1694,6197.475133,49.875497,Venus,1.535948,-76.927451
64,8466.69306,42.640371,Saturn,33.520019,-105.599867
718,5056.746047,33.329208,Earth,54.773587,-54.257439
618,1544.923889,43.016092,Saturn,91.504622,-28.052299
2187,8177.801776,35.353819,Venus,92.156215,-116.954315
1980,2088.031639,29.51294,Mars,12.238482,-9.041586
1938,1588.578424,27.712754,Mars,3.824557,-5.32552
602,7011.8641,44.862485,Venus,65.330567,-110.194379
2299,,36.530085,Earth,22.78602,-73.420692
362,11179.703197,42.459445,Saturn,56.426027,-165.632353
1017,2827.770724,29.454835,Earth,25.587122,-18.364668
1516,7885.314124,41.344109,Saturn,87.87285,-138.732516
343,10333.262213,22.227298,Moon,10.772498,-26.334754
1902,11576.464352,25.627615,Mars,54.254915,-60.317414
881,2326.700838,37.652929,Venus,73.05166,-30.569602
138,9378.608933,9.775293,Saturn,80.119243,-81.927824
693,10893.693443,16.224895,Earth,9.180147,-23.149232
2128,12003.222494,0.399752,Jupiter,45.182689,-133.455149
596,2916.496142,19.520525,,98.556065,-32.754373
2101,8282.472105,20.819741,Earth,21.01449,-34.025162
988,8768.531831,7.902247,Jupiter,12.974683,-29.941092
1894,3301.325145,2.035289,Mars,19.068388,-1.403857
716,11505.719267,47.214725,Mars,44.691992,-146.321808
2224,7634.559499,2.830358,Saturn,79.542197,-62.70475
1584,3929.513537,30.867755,Mars,0.177274,-17.746406
1724,7857.965458,48.260399,Mars,0.529645,-90.663013
561,7453.572179,22.912271,Earth,61.719876,-63.693882
2024,4797.5701,37.336285,Venus,4.047275,-34.161315
154,2695.587779,46.399966,Earth,55.249701,-42.627495
1635,12400.674374,10.295338,,22.184099,-10.042324
354,10257.685038,17.091489,Mars,94.16372,-49.817279
1036,10698.189136,45.579829,Jupiter,32.895612,-197.370381
706,5888.667277,9.898585,Venus,62.935748,-34.757817
2207,6840.015728,5.302363,Moon,94.738592,-10.491756
1233,7089.31923,24.848075,Moon,10.039621,-22.042258
917,6772.288408,20.313924,Jupiter,15.924945,-39.708708
1497,11403.678162,3.287779,Jupiter,40.23525,-113.360258
2027,1742.79115,10.92386,Jupiter,56.137566,-24.2934
1501,,45.215222,Jupiter,20.503543,-196.673454
2176,12111.175842,,Jupiter,54.599726,-163.259695
1319,11675.994082,11.633049,Earth,82.954798,-101.918106
2191,8710.25086,36.821943,Saturn,51.37246,-104.764762
1439,2827.510483,35.921511,Earth,28.131538,-25.045552
887,2845.101518,29.269421,Earth,21.43986,-17.170939
687,4053.15605,26.688989,,,-24.698134
722,2019.72282,47.356625,Jupiter,7.750963,-25.52848
1008,13033.271805,31.195796,Jupiter,87.812224,-346.135185
2267,8586.394525,28.010469,Saturn,96.784943,-119.443759
2166,12778.898736,38.40457,Jupiter,9.222942,-122.455947
1834,7651.794057,34.782964,Venus,95.865156,-110.352827
1699,3177.387055,19.041532,Jupiter,76.400963,-64.939355
1622,4645.139455,8.356337,Saturn,48.684414,-24.231443
530,8344.265023,20.945572,Jupiter,98.802559,-221.681227
1922,7352.601127,36.814716,Mars,15.137516,-52.954994
1482,11377.44833,12.153445,Venus,62.822131,-70.801417
709,1605.429932,11.537104,Moon,90.17162,-2.42087
854,4945.073332,48.998997,Jupiter,76.075203,-151.622526
634,12029.223421,1.436205,Mars,21.12047,-8.549794
2026,1812.99901,30.088321,Mars,32.081964,-9.36451
1653,5855.19369,21.510781,Moon,5.562068,-13.075605
749,9021.573639,21.072938,Saturn,29.513115,-46.827988
965,4713.016009,19.386945,Venus,85.271793,-43.504427
515,8362.792791,19.216527,Jupiter,19.387227,-54.633214
2073,2518.713376,33.641646,Jupiter,1.524149,-14.204562
863,5950.086938,1.256656,Jupiter,15.823349,-22.386842
882,12985.694671,33.471892,Venus,86.492448,-171.368448
1544,1528.25221,8.112936,Earth,99.589671,-14.433583
1828,7013.227959,25.620687,Venus,89.431291,-77.650921
1496,11963.329278,36.931508,Venus,88.095972,-174.068896
645,4196.38119,42.876709,Moon,70.693255,-42.394048
1735,3283.758322,7.917231,Moon,8.633265,-0.489852
643,12749.494169,31.004185,Saturn,3.017593,-64.294419
1081,10493.87567,15.324442,Mars,66.840859,-37.3445
1702,5404.827598,43.881223,Moon,5.893718,-51.554281
464,11429.023687,12.815125,Earth,79.550482,-97.575781
1520,4099.648722,42.747606,Venus,40.870925,-51.319882
825,5945.216076,42.057268,Moon,44.055461,-55.836089
1362,11778.976204,11.482271,Earth,24.545085,-35.127127
457,9825.435995,32.132402,Saturn,47.354982,-98.298964
1216,4288.403927,25.296808,Earth,27.582554,-24.325131
297,2494.735737,,Saturn,29.626695,-14.333635
2373,,25.137573,Jupiter,64.967011,-79.876028
1020,7488.350388,,Mars,60.111658,-56.108111
471,3948.648402,35.97129,Mars,33.565229,-29.463579
157,12852.333557,1.332165,Jupiter,45.064466,-142.693645
1347,1790.45881,7.497783,Moon,36.362692,-0.56124
129,4455.658274,1.439924,Jupiter,87.495247,-95.689739
747,3180.728675,14.87626,,7.329997,-4.587543
2123,7113.908679,34.861384,Jupiter,94.884842,-209.561258
832,1042.513138,24.476091,Mars,16.213361,-2.749827
1997,12819.145918,23.06729,Earth,90.420574,-146.814464
2182,3184.262717,39.19299,Earth,45.708572,-37.734846
2133,12214.306964,20.946675,Mars,26.800263,-37.940502
108,1090.005269,45.570811,Saturn,85.307487,-20.025761
2393,13134.728512,26.41878,Saturn,74.904941,-147.551619
879,,6.287414,Earth,77.581155,-55.029058
2363,7547.65332,25.423553,Earth,2.275355,-25.077124
1821,12959.173084,49.632014,Moon,42.002585,-167.459219
536,5641.940289,34.956244,Mars,75.264729,-49.224646
1327,2567.713601,36.110713,Mars,92.764283,-24.57821
302,1071.088619,27.814566,Earth,81.889725,-11.747703
1862,13202.086828,43.782108,Mars,85.245918,-167.286847
2092,3713.384067,11.859151,,53.08697,-4.814642
165,11914.107829,39.165168,Jupiter,,-359.127603
1566,9414.54664,20.69259,,31.483618,-30.152346
1716,9573.231834,48.571864,Jupiter,2.168486,-117.073345
263,10231.036059,31.311157,Moon,12.982712,-51.310385
1582,8067.961214,8.679955,Moon,63.591752,-10.376423
1251,12426.309571,31.596048,Moon,,-69.487105
1671,13574.896317,,Earth,1.857401,-46.011623
41,5447.527411,13.35735,,16.424375,-5.31363
37,4956.332933,10.166263,Venus,,-25.09002
1919,9977.829905,20.178658,Venus,92.7902,-101.436213
2106,10493.05998,44.756698,Jupiter,77.28041,-305.120584
2162,9262.975436,26.208405,Venus,1.220781,-31.815812
1000,2055.701963,43.245994,Earth,42.587641,-26.811443
1389,6520.450724,4.06422,Venus,2.374106,-0.911618
1552,11543.915079,17.923795,Jupiter,3.095686,-26.402169
1718,1181.785588,31.33755,Earth,65.54541,-12.401702
67,12907.60762,,Saturn,74.108849,-100.46254
1557,7474.200391,40.658211,Saturn,53.318057,-102.382062
1682,9336.569798,9.486563,Jupiter,57.088853,-135.335402
885,10809.665674,33.996585,Venus,77.526733,-135.801294
2090,8462.254762,10.316809,Jupiter,36.600298,-80.283313
444,12793.91023,3.876093,Venus,8.004517,-9.044769
1918,3310.809955,18.574399,,90.144479,-31.183909
557,4431.594214,16.358599,Earth,85.410387,-42.060816
1849,8308.382625,30.683662,Earth,41.231631,-71.717113
2253,7630.643832,10.300117,Saturn,99.868269,-82.606747
1145,4129.772704,20.814574,Jupiter,33.779717,-42.528731
1785,12366.281267,,Saturn,57.609843,-158.74269
1898,2346.729891,32.793135,Saturn,90.549258,-33.802688
1289,9063.39015,,Venus,84.792931,-73.867917
1628,4482.351182,4.087004,Saturn,3.499621,-1.012031
2208,7818.78702,,Earth,20.943051,-29.470498
655,3293.452968,49.185868,Venus,1.89936,-39.393283
1119,5531.638338,29.0335,Saturn,59.385082,-56.609376
1355,7807.315164,48.558627,Earth,24.872619,-110.095794
1562,3507.319358,48.312519,Earth,48.759311,-56.708682
316,4762.100794,0.311964,Moon,77.253963,-4.980549
1748,6300.333396,36.864976,Jupiter,55.133498,-127.921999
2246,8243.360345,24.753456,Saturn,47.728862,-65.330702
1524,12167.846837,34.883925,Moon,,-73.893673
576,2955.450595,34.414906,Earth,39.148457,-27.852268
1942,5381.058847,15.312565,Moon,7.596655,-5.972878
2334,12007.704726,3.284211,Venus,41.263969,-43.597147
1262,5052.518338,,Saturn,71.38579,-51.738041
2278,9868.987504,4.826603,Moon,16.141907,-2.738239
1983,5904.930613,34.053999,Moon,83.967899,-41.296148
2315,2972.749549,11.504374,Venus,21.433643,-6.618911
1985,5728.237859,21.916231,,14.306188,-14.088645
758,,7.135045,Venus,74.160226,-55.422563
463,10884.257328,5.00737,Jupiter,16.450788,-44.752183
1751,8108.431373,46.293258,Earth,50.16416,-125.786941
2233,13201.086775,43.642613,Mars,81.968521,-164.864007
2341,8843.646328,28.777908,,78.976604,-61.532291
1526,10908.863684,49.394049,Jupiter,30.900151,-215.639207
864,8173.208929,,Moon,50.650776,-23.533923
2336,8101.606356,33.861215,Earth,65.159257,-97.23224
620,8534.889506,31.687837,Earth,85.863458,-113.741351
1301,10113.246628,37.904899,Venus,26.616726,-95.529023
2220,,39.175348,Jupiter,6.988671,-69.972707
1547,9071.074036,9.559634,Jupiter,,-147.35471
1580,1835.706076,2.425732,Mars,17.867911,-0.270897
286,10215.908114,38.271373,Jupiter,48.891188,-197.634189
348,7882.604204,42.663406,Earth,39.273218,-101.10758
2100,3683.134135,27.31044,Saturn,98.741121,-50.703371
698,4586.650715,38.457663,Saturn,93.096169,-77.496854
974,3808.432156,46.592824,Venus,82.345117,-68.155293
926,11019.939688,25.763283,Earth,53.12072,-92.998725
1618,11532.837116,41.850779,Jupiter,57.846168,-265.379744
2342,9390.095063,40.918945,Saturn,42.72202,-119.493504
2181,9434.80733,5.802303,Moon,77.179626,-12.421037
1009,4350.300604,33.867525,Earth,78.292708,-57.361724
2072,6229.745045,32.413679,Jupiter,85.784807,-164.208395
181,4994.752912,16.460684,Earth,91.089009,-50.399016
1572,5218.184555,3.717565,Moon,17.342185,-0.831123
350,10332.148809,13.183049,Mars,28.67601,-18.97043
2255,5646.764939,,Jupiter,78.045128,-113.168072
1605,2613.963233,10.084687,Venus,73.076361,-17.272591
1711,5033.328682,43.355145,Venus,95.415899,-88.903974
488,4429.845353,33.519968,Mars,34.572044,-29.568432
834,11565.976555,36.084304,Mars,49.86629,-95.696473
1833,9748.258871,45.796549,Venus,25.326196,-123.125097
1626,8128.881327,44.749572,Mars,88.841687,-107.184417
1592,5553.386992,34.438265,Jupiter,27.075987,-69.206516
189,11433.978976,,Moon,81.240286,-155.012857
1673,12095.359737,23.048533,Jupiter,37.773887,-144.390107
1989,,45.06746,Venus,95.680276,-108.407051
851,11148.061261,36.85343,Earth,88.544156,-171.539194
486,5643.393488,12.523242,Earth,78.306056,-46.776868
2078,3398.308378,20.085935,Saturn,4.68603,-7.517675
188,12575.735985,45.925253,Moon,9.883178,-133.638924
1331,1085.714388,15.467431,Venus,97.706598,-9.708165
2096,10414.851598,16.864267,Jupiter,6.311621,-30.105707
1732,13094.167206,17.262757,Venus,77.641821,-108.687788
1341,4078.788104,19.77968,Moon,19.185344,-8.250449
2272,8223.842965,13.711231,Earth,5.052641,-10.806587
124,11797.892889,15.182358,Mars,50.275483,-34.602978
1438,4995.894887,21.036222,Saturn,51.176383,-36.746121
1599,6774.803626,15.374449,Jupiter,46.320849,-84.80158
221,4104.559918,,Mars,58.733425,-40.853746
2012,1628.289981,15.345194,Jupiter,45.356319,-19.225326
1514,13291.596855,0.816535,Mars,27.776015,-12.741169
437,2732.975275,4.820638,Moon,77.06911,-2.740257
1309,11373.472347,32.415637,Venus,16.31895,-75.217715
1028,8604.864322,11.361281,,,-10.748358
2376,4892.681623,0.225434,Venus,3.676682,-0.596853
1429,6240.431313,1.736528,Earth,73.810518,-44.27988
2154,1491.416468,9.937986,,58.978075,-8.36545
1471,9857.49094,,Jupiter,48.677616,-121.536486
623,1881.232207,47.191379,Venus,79.74884,-33.255081
1321,8659.743808,24.785023,Earth,29.083607,-50.305421
359,7263.823281,45.207335,Saturn,58.702959,-117.742478
2394,8166.525787,13.648289,Mars,57.531219,-24.03683
2035,4680.29706,8.802108,Mars,88.530778,-16.185477
1098,7874.602149,32.172866,Venus,16.779256,-51.474666
92,1512.263199,34.715396,Venus,61.760045,-16.396939
741,11170.726558,12.230641,Mars,74.34564,-38.166423
1534,5464.811745,20.442809,Jupiter,12.705574,-27.631536
1981,9717.875341,5.515504,Venus,61.306619,-53.322934
2368,2769.265161,5.474461,Saturn,71.530979,-20.095384
547,1986.167424,8.568957,Saturn,14.451589,-2.725814
1469,9707.840804,1.598496,Moon,90.671304,-13.427644
2045,11752.288232,40.717032,Moon,8.525195,-98.047321
1339,4299.50002,49.384777,Moon,98.909792,-58.33983
2113,2259.34636,1.431556,Moon,84.807707,-2.136813
2142,12652.918199,41.467906,Earth,68.025029,-192.225138
2322,1480.850626,5.610239,Mars,28.00354,-0.771549
2262,2439.448767,1.284515,Mars,70.839161,-5.431321
1055,5619.109856,32.82814,Earth,,-60.916023
962,9645.214038,39.002426,Moon,,-73.374426
2281,8034.777541,46.317035,Venus,81.242861,-143.084295
370,5493.941814,4.316202,Saturn,90.837819,-51.613373
544,3252.444034,,Saturn,4.74148,-7.127112
50,6321.91295,37.961836,Venus,57.242548,-76.651544
1421,,0.292396,Earth,7.189213,-6.931139
1946,12855.802055,5.516882,Jupiter,75.330492,-241.031157
1127,4072.307564,21.966076,Venus,31.563276,-20.225703
831,4280.497757,40.496239,Earth,32.423993,-47.714292
1364,2602.290815,7.502674,Saturn,32.000869,-8.426386
1038,2148.169763,10.206089,Saturn,59.93684,-13.560783
555,6498.612441,4.374583,Jupiter,82.486083,-132.507396
373,1053.680759,11.5465,Saturn,9.23945,-0.718771
1573,11419.9296,18.281029,Saturn,80.480523,-114.034627
1621,4554.212443,27.706596,Earth,45.244905,-36.694317
2230,5837.731335,4.837389,Saturn,11.226662,-6.525216
829,8554.448146,29.866463,Moon,37.137367,-42.315537
114,11438.510257,25.28831,Mars,87.550553,-72.728274
520,8649.933091,27.540864,Mars,41.934509,-45.262145
2239,5858.444197,10.735883,Venus,95.236023,-51.865025
1578,,42.015912,Jupiter,,-94.045606
1245,12100.166552,20.16079,Mars,20.059521,-32.596057
902,9502.20526,7.515986,Saturn,,-51.747754
2017,5439.094474,8.335054,Venus,79.840625,-39.408279
608,5476.098551,48.186033,Saturn,67.653916,-101.252658
633,10245.598579,25.102511,Mars,38.676239,-45.981897
1736,4016.132003,11.586721,Jupiter,47.075836,-48.564532
1338,5306.94443,0.374149,Venus,82.529201,-37.852353
2252,2627.047833,7.048979,Moon,55.090947,-2.004472
1970,13274.24305,21.877499,Moon,50.347738,-41.627253
2292,4409.245809,0.268249,Earth,88.979822,-37.489543
2184,1987.902216,6.047653,Venus,84.194864,-14.20935
654,8130.762528,30.404769,Earth,96.870497,-113.849017
1634,2131.327781,10.898282,Moon,80.89387,-3.067401
1665,,27.777792,Moon,53.978271,-59.417872
1689,2605.755829,24.097579,Venus,,-28.384907
2302,2329.660348,31.121541,Jupiter,78.206725,-55.448133
1485,8106.469358,3.338888,,30.1989,-21.166195
2074,6340.01416,44.465636,Saturn,24.125714,-77.645902
33,7015.254551,40.048844,,20.015758,-67.714047
421,12609.376417,,Mars,25.712738,-84.267178
101,5499.089917,20.483142,Jupiter,9.232415,-23.121819
357,3996.793199,47.895253,Moon,51.260591,-48.171592
243,11526.90387,40.897063,Venus,41.996007,-138.335998
1203,13067.16928,24.054162,Saturn,14.36748,-56.403792
2345,1992.54559,5.138822,Saturn,25.048941,-4.473815
473,9646.340201,7.314784,Venus,24.755803,-22.762505
1532,2262.221281,17.117864,Jupiter,71.763231,-42.559549
381,4544.294113,43.085856,Moon,3.971385,-41.4732
477,1271.960215,45.96628,Moon,,-13.195974
1971,3000.691867,18.17175,Jupiter,31.999528,-27.757867
2160,9120.044759,,Mars,22.117912,-35.093118
1195,1529.468061,13.020961,Venus,8.392112,-1.435077
1979,7489.867671,31.050705,Earth,5.822764,-39.384953
1908,7484.314642,49.056809,Moon,34.32826,-93.232661
2367,10298.20401,40.724414,Mars,17.127712,-90.940589
249,,26.893889,Mars,76.698294,-42.719661
1543,,13.194445,Venus,68.728033,-88.395819
628,5084.11138,32.553827,Earth,40.689942,-46.233639
208,9271.27361,25.944328,Earth,42.627064,-68.972672
1571,,27.87036,Moon,17.913391,-47.820127
1337,7039.61078,30.400423,Earth,68.2986,-78.695582
1142,13298.538042,39.632138,Venus,60.114449,-174.350312
159,4044.19675,19.412661,Jupiter,8.624094,-15.266447
111,1699.293739,31.460135,Earth,5.75088,-8.367971
2383,11219.680588,30.211757,Saturn,35.115114,-91.335381
1579,9637.986457,28.384359,Saturn,19.674233,-57.621598
2277,4003.532627,30.990741,Earth,12.301762,-23.05696
1261,1669.001722,42.077519,Moon,88.196326,-16.166982
1798,2881.331567,22.210062,Saturn,24.557725,-13.493849
688,10856.609453,36.58083,Moon,27.004615,-76.403397
1031,4966.509905,31.022224,Moon,1.546675,-23.023135
809,2611.252257,37.563709,Moon,84.927156,-21.026507
1607,3146.076033,20.667409,Moon,58.854548,-8.727967
1733,5921.886596,24.44092,Saturn,90.601128,-72.70114
1390,12148.145404,0.140628,Earth,14.863583,-16.714624
2103,10497.892953,8.76892,Jupiter,,-99.816944
1475,12992.512686,45.049672,Jupiter,89.803778,-420.083713
1221,9481.269455,42.846977,Moon,32.188072,-90.990817
396,7828.731758,29.516475,Earth,47.189054,-69.343954
1796,4641.418011,28.021742,Moon,78.766326,-23.163422
2211,,25.849422,Mars,,-54.678204
1638,9488.341307,49.751028,Earth,69.917794,-181.505965
806,11300.304316,28.266101,Earth,42.933365,-91.737365
183,3018.550374,20.728432,Jupiter,24.274523,-23.649463
75,7121.397882,8.120618,Moon,55.702161,-7.794088
1365,13096.394996,,Venus,92.513066,-109.437285
719,12808.0901,47.026873,Venus,,-174.84693
790,2046.644178,39.393122,Earth,43.53618,-23.621108
121,8243.268604,12.720036,Venus,49.7748,-42.063011
1660,3029.92317,16.951453,,64.672059,-22.576098
25,2677.935017,18.119964,Earth,95.549423,-28.497625
1454,9565.667604,15.211987,Earth,42.274079,-49.737351
1892,10409.727935,24.808528,Venus,63.2496,-89.435081
560,6431.46085,31.745149,Saturn,31.39142,-52.484264
819,11307.272176,18.207248,Saturn,88.418349,-122.118046
465,2567.085328,30.690225,Moon,23.502112,-12.069953
2256,10935.731499,3.889852,Mars,,-39.544835
1320,7666.972365,16.313965,Mars,6.123061,-10.944321
1826,,41.914357,Mars,95.23201,-68.731921
1560,11091.710875,2.973773,Earth,23.807041,-25.394804
1606,,36.413824,,,-9.957098
1103,7131.246985,,Jupiter,34.920409,-60.745931
406,12201.701084,11.719469,,,-24.041252
2198,12446.002674,2.484631,Saturn,92.777938,-119.936361
837,13397.0905,29.249133,Saturn,,-110.067348
1447,2086.674156,17.653991,Venus,17.025096,-5.402841
1286,13041.400491,,Venus,37.431411,-44.225342
115,12866.796779,31.20091,Jupiter,93.328928,-359.318238
1583,11741.205662,33.73064,Jupiter,81.259195,-302.309799
225,6824.676871,35.852512,,56.947145,-57.28105
1176,9682.386427,23.824758,Moon,66.838882,-36.995886
11,11127.111855,38.387282,Earth,66.700281,-153.791641
1531,2573.03461,8.816189,Earth,23.066267,-5.822213
924,4406.835373,35.729478,Venus,68.717285,-53.989378
839,12824.430088,29.872834,Moon,22.465844,-60.903539
1585,,17.884948,Earth,16.137066,-38.151454
728,8433.810477,,Jupiter,64.930524,-154.659065
242,12243.451961,37.812784,Earth,,-94.414634
1424,2666.418457,49.043049,Moon,69.038682,-34.058022
391,10007.834721,8.665885,Moon,4.033029,-3.413701
2025,1562.865475,33.848401,Earth,70.827089,-18.81199
1230,12752.708482,30.412798,Jupiter,77.20395,-302.049634
857,10396.941567,27.563582,Venus,97.144544,-128.082982
2238,2710.705855,6.591137,Venus,7.678252,-1.434963
210,13265.79216,32.419461,Venus,38.375614,-113.868815
1290,2441.186911,28.545464,Venus,55.308188,-20.92199
2122,5405.710655,12.107247,Saturn,61.893031,-37.891707
1525,11081.551866,23.775104,Earth,44.844292,-79.069784
499,5252.870695,23.286147,Moon,47.555304,-17.300986
2286,11872.368197,8.322826,Venus,16.614087,-20.607909
1987,11716.128101,34.16299,Venus,3.071068,-70.56156
1,,27.875967,Saturn,75.420882,-126.317536
521,5069.918934,17.318431,Jupiter,85.190392,-113.673143
1240,3088.23201,28.32077,Venus,0.18515,-11.435547
1616,4623.637353,36.009796,Jupiter,18.960446,-50.709936
1876,7832.551113,40.895463,Jupiter,27.416355,-117.731362
1170,6405.765008,18.428351,Venus,30.912428,-27.441296
1610,9566.881799,47.068532,Mars,43.206473,-120.309915
782,10358.729621,42.676981,Saturn,31.657552,-127.569156
2324,6266.262172,9.156935,Saturn,88.002805,-59.198352
98,2854.059406,10.196891,Venus,42.464937,-11.233991
2240,2106.574476,9.535122,Jupiter,9.803513,-5.077222
971,11837.40595,45.993805,Venus,96.750926,-225.79236
554,12477.01069,42.782981,Moon,17.689197,-116.775079
239,4258.227682,31.913895,Earth,98.340877,-61.765099
969,3719.035603,17.151485,Saturn,41.661895,-20.646159
256,8077.932266,37.800379,Moon,21.382178,-59.518284
1730,3198.527124,5.137461,Moon,11.450194,-0.017238
1710,4533.771662,19.528393,Mars,64.855399,-18.553821
1064,10571.043695,40.100446,Saturn,62.848122,-153.353863
1545,8188.465371,31.335456,Venus,11.451805,-47.519353
639,1687.677384,32.660199,Mars,76.101021,-12.766032
294,,30.119274,Saturn,27.928615,-95.499692
751,8401.91694,20.085848,Saturn,6.676286,-21.804573
351,1356.20695,15.800772,Earth,11.848839,-2.269399
1224,3847.121168,7.794001,,,-9.572279
1612,12903.874676,45.977393,Mars,28.856759,-149.203541
1478,12824.393391,6.954756,Moon,43.076148,-11.078405
1615,,20.842265,Saturn,24.574532,-13.200756
1870,3141.466544,49.633437,Saturn,2.831072,-38.623174
578,10242.832668,45.102934,Moon,94.70361,-118.946712
1801,1103.20904,22.273787,Moon,8.770996,-1.893868
1818,,16.078358,Venus,97.870856,-56.544223
1823,7060.827928,28.947076,Venus,23.83737,-43.511747
1219,11856.807475,40.181252,Venus,85.744145,-184.893052
22,3901.816276,0.219751,Mars,51.579815,-6.467501
2366,5095.387807,12.344597,Mars,59.180912,-14.069901
1941,1649.234517,15.520876,Earth,92.568605,-15.963149
659,8221.466517,37.813099,Moon,80.635294,-68.549296
2164,11987.601387,10.774828,Moon,34.327608,-12.645585
192,3931.655805,,Venus,92.876864,-80.513701
1129,11323.22573,27.535299,Venus,14.059131,-56.046507
1272,4281.016984,29.905771,Mars,85.757828,-31.764297
1007,7336.173717,8.708189,Jupiter,23.031857,-43.668203
1597,,43.356323,Earth,92.334655,-219.23424
2250,1944.302227,,Earth,44.513521,-12.239446
56,2162.505558,6.862965,Venus,,-5.450208
29,6893.686033,5.584473,Mars,29.310959,-7.57139
2349,6860.244311,13.222575,Jupiter,39.016875,-71.351332
931,6489.962369,8.404325,,14.043932,-9.376543
907,7893.166217,22.934692,Jupiter,13.246408,-45.678488
152,9778.368368,35.907573,Moon,54.040571,-70.625846
462,13417.504645,36.423184,Moon,89.966793,-107.617412
209,2851.321978,12.55652,,55.465093,-16.762186
91,12832.803057,19.771412,Venus,,-107.451466
849,3019.978338,36.387829,Mars,58.828948,-25.584641
1094,5617.199806,25.554103,Jupiter,98.939022,-155.113467
1246,2843.225235,39.506541,Jupiter,86.720509,-82.311753
522,1122.755537,29.896443,Venus,11.754966,-5.188238
1657,10132.214436,21.014804,Moon,40.09629,-27.974836
1138,5231.204414,10.270453,Earth,90.921717,-48.418307
113,,,,34.629442,-58.743435
295,2150.276554,24.13479,,37.827205,-6.58431
1728,3832.304707,49.854453,Moon,63.818039,-50.59959
2130,13194.392908,3.179983,Venus,48.234983,-56.118586
2129,12722.888985,22.05888,,37.508402,-72.283409
964,2160.177149,,Saturn,63.438683,-35.897507
840,11415.043007,25.574749,Venus,88.024993,-125.457624
308,11371.212607,25.761084,Jupiter,23.166663,-102.036636
2259,5822.495711,9.214082,Earth,21.552153,-13.781935
2177,6701.210413,33.222638,Saturn,83.654651,-94.507419
28,9429.566835,32.423255,Mars,8.952442,-51.69688
212,6350.281713,3.136914,Mars,41.626837,-9.119535
2087,9529.719948,5.146222,Mars,82.334433,-29.37146
411,11110.148067,22.053527,Venus,,-83.957085
1232,2949.031519,8.617473,Earth,61.928078,-18.01078
1490,4857.484453,42.537273,Moon,28.267349,-45.177395
132,12455.699043,44.719594,Mars,87.241428,-163.86198
107,10582.490512,13.581409,Earth,37.313081,-47.496237
2214,10491.891642,13.907802,Mars,10.910074,-13.39381
678,4849.498944,30.608521,Saturn,5.400947,-24.451464
742,12163.117413,0.412946,Mars,62.719041,-27.312441
1895,3964.865809,42.874129,,83.459167,-117.472103
1604,4633.902835,47.775552,Jupiter,82.920356,-147.138798
756,2988.944723,19.085691,Moon,77.064544,-8.186871
828,12260.822154,,Venus,11.9205,-105.395574
2195,2825.817096,33.729614,Moon,96.810225,-19.519955
982,12273.265313,4.424009,Earth,47.235525,-57.072972
642,1727.130341,6.143292,Mars,34.810907,-1.556472
128,13286.759983,36.510729,,94.492677,-218.632827
824,3988.963749,47.836914,Mars,86.358715,-57.421405
621,12995.405282,25.294902,Jupiter,3.121006,-50.628894
1460,5052.956929,14.88785,Saturn,29.367451,-20.092064
1049,2853.748434,34.37543,Venus,80.422867,-36.218185
245,9142.801779,4.043163,Moon,20.165209,-2.74325
559,1353.422476,39.852922,Saturn,60.578796,-18.307523
1122,10500.272992,37.430811,Saturn,69.086575,-148.29253
287,7598.720986,3.002644,Moon,56.577551,-6.328697
1205,4374.530806,12.642565,Venus,72.172291,-30.50036
2174,7475.921885,39.970238,,66.174431,-66.757527
23,7910.972982,11.768196,Jupiter,64.474278,-130.920424
1410,2008.843611,22.355343,Moon,20.460265,-4.687611
254,1444.444038,43.011022,Earth,40.949014,-18.163205
1259,8543.783773,47.191596,Venus,27.206397,-114.754951
47,12420.933191,35.780067,Earth,0.764324,-79.438539
290,2880.234379,47.164835,Jupiter,33.804544,-55.172504
1102,1616.458193,10.502769,Saturn,91.597937,-15.349449
710,4798.519646,41.926683,Jupiter,83.331143,-140.302124
2331,6142.851661,34.237113,Mars,40.54792,-44.243498
787,6167.94989,10.061851,Jupiter,30.975685,-49.485142
213,8479.830351,31.342353,Venus,24.362949,-58.975373
440,3730.949078,25.340226,Earth,20.82439,-18.60057
928,3027.846089,,Venus,26.95586,-6.246549
2350,3632.243616,13.719271,Mars,66.210283,-11.340524
1816,7381.021417,42.714386,Jupiter,42.11203,-143.388768
1353,9483.86281,28.899039,Mars,82.89909,-67.770604
1187,4341.928093,5.346428,Moon,86.805615,-5.74524
1220,,20.402975,Jupiter,93.815591,-265.704175
482,,18.496927,Jupiter,65.030552,-62.723563
2010,12202.415951,21.982107,Saturn,70.187144,-117.895495
613,7906.10237,18.319294,Earth,83.724683,-77.202216
876,8892.73374,34.414542,Jupiter,30.183887,-118.201661
2389,10463.465465,31.289505,Jupiter,35.302643,-141.791678
109,6295.236104,30.191628,Jupiter,65.196355,-129.436338
1686,1243.84295,28.78725,Earth,50.669262,-10.336613
1813,5486.998362,49.320944,Moon,66.173978,-71.637459
484,13107.060899,18.618891,Moon,16.251609,-25.180099
1396,8805.159414,15.278632,Earth,18.995184,-25.685008
959,3370.31631,17.043451,Moon,71.774865,-7.825974
1027,4043.375551,5.983836,Venus,55.618346,-19.671267
1852,8764.954126,36.870372,Earth,1.200818,-59.608972
1931,4898.726155,41.891164,Jupiter,86.887521,-147.498831
1192,1086.027971,19.487972,Venus,,-3.780664
2332,4708.063362,11.513823,Jupiter,69.962087,-83.775469
2180,2419.389971,25.688544,Saturn,49.405339,-19.461807
1459,13444.251561,13.473226,Saturn,96.572433,-146.74965
694,10410.272634,17.735776,Moon,63.303717,-26.082056
490,10138.424962,27.495213,Earth,82.305471,-119.181908
2385,3496.346274,25.215313,Moon,3.90168,-10.336771
2344,,15.613055,Venus,44.129537,-57.560546
696,9811.003238,33.526015,Earth,48.452415,-100.771012
1765,6740.701623,21.071788,Earth,47.500064,-45.375067
1940,12407.039802,,Venus,,-175.94562
1926,1766.573764,40.055274,Venus,52.007805,-21.321043
1401,2182.098205,16.501132,Jupiter,92.956042,-52.254629
1873,11958.707177,11.462168,Saturn,27.260744,-40.890492
1662,3191.534748,46.590398,Mars,38.338964,-38.178327
779,8847.041159,16.118891,Earth,57.945602,-60.783815
2305,8856.341291,19.463405,Jupiter,71.155958,-171.996961
803,8965.116994,36.082792,Mars,31.761303,-67.925467
711,8938.034174,17.837028,Moon,52.724415,-20.87646
2058,2154.311645,27.221138,Moon,10.850987,-7.361487
206,9471.852152,,Venus,40.854895,-104.608807
1590,2737.516131,39.756696,Jupiter,37.609041,-46.157152
172,12474.989524,33.826065,Jupiter,18.550958,-127.739345
1141,6956.153909,9.169004,Venus,54.415994,-35.4993
167,11995.102508,13.879238,Moon,50.836741,-20.462396
736,7528.936381,9.741956,Jupiter,64.301116,-122.585799
927,6151.279882,0.166055,Venus,13.723071,-6.48841
1317,8323.521059,48.853936,Mars,39.171056,-110.425157
2283,11229.605491,0.410196,,96.081654,-39.038829
2004,7973.623012,15.891835,Saturn,95.399576,-88.483728
607,7383.853407,41.092517,Saturn,13.918699,-72.071256
