{"name":"nrippner_cancer-linear-regression-model-tutorial","title":"Cancer Linear Regression Model Tutorial","description":"An annotated example of a linear regression using open data from open government portals\n\n---\n{\"editor\":\"markdown\"}\n---\n# Linear Regression Walkthrough\n\nIn this example, I use data from cancer.gov and the US Census American Community Survey to build a multivariate Ordinary Least Squares regression model. \n\nThis example is built using Python. It covers:\n1. How I sourced and imported the data\n2. Preparation of data\n3. Exploratory analysis\n4. Model selection\n5. Model diagnostics\n\n\nNote that this is a first pass attempt and should be considered a baseline model to compare future iterations against.","homepage":"https://data.world/nrippner/cancer-linear-regression-model-tutorial","license":"Public Domain","resources":[{"name":"cancer_data_notes","schema":{"fields":[{"name":"column_a","title":"Column A","type":"string","rdfType":"http://www.w3.org/2001/XMLSchema#string","dwSourceId":"column_a"}]},"path":"data/cancer_data_notes.csv","format":"csv"},{"name":"death","schema":{"fields":[{"name":"county","title":"County","type":"string","rdfType":"http://www.w3.org/2001/XMLSchema#string","dwSourceId":"county"},{"name":"fips","title":"FIPS","type":"integer","rdfType":"http://www.w3.org/2001/XMLSchema#integer","dwSourceId":"fips"},{"name":"met_objective_of_45_5_1","title":"Met Objective of 45.5? (1)","type":"string","rdfType":"http://www.w3.org/2001/XMLSchema#string","dwSourceId":"met_objective_of_45_5_1"},{"name":"age_adjusted_death_rate","title":"Age-Adjusted Death Rate","type":"string","rdfType":"http://www.w3.org/2001/XMLSchema#string","dwSourceId":"age_adjusted_death_rate"},{"name":"lower_95_confidence_interval_for_death_rate","title":"Lower 95% Confidence Interval for Death Rate","type":"string","rdfType":"http://www.w3.org/2001/XMLSchema#string","dwSourceId":"lower_95_confidence_interval_for_death_rate"},{"name":"upper_95_confidence_interval_for_death_rate","title":"Upper 95% Confidence Interval for Death Rate","type":"string","rdfType":"http://www.w3.org/2001/XMLSchema#string","dwSourceId":"upper_95_confidence_interval_for_death_rate"},{"name":"average_deaths_per_year","title":"Average Deaths per Year","type":"string","rdfType":"http://www.w3.org/2001/XMLSchema#string","dwSourceId":"average_deaths_per_year"},{"name":"recent_trend_2","title":"Recent Trend (2)","type":"string","rdfType":"http://www.w3.org/2001/XMLSchema#string","dwSourceId":"recent_trend_2"},{"name":"recent_5_year_trend_2_in_death_rates","title":"Recent 5-Year Trend (2) in Death Rates","type":"string","rdfType":"http://www.w3.org/2001/XMLSchema#string","dwSourceId":"recent_5_year_trend_2_in_death_rates"},{"name":"lower_95_confidence_interval_for_trend","title":"Lower 95% Confidence Interval for Trend","type":"string","rdfType":"http://www.w3.org/2001/XMLSchema#string","dwSourceId":"lower_95_confidence_interval_for_trend"},{"name":"upper_95_confidence_interval_for_trend","title":"Upper 95% Confidence Interval for Trend","type":"string","rdfType":"http://www.w3.org/2001/XMLSchema#string","dwSourceId":"upper_95_confidence_interval_for_trend"}]},"path":"data/death.csv","format":"csv"},{"name":"incd","schema":{"fields":[{"name":"county","title":"County","type":"string","rdfType":"http://www.w3.org/2001/XMLSchema#string","dwSourceId":"county"},{"name":"fips","title":"FIPS","type":"integer","rdfType":"http://www.w3.org/2001/XMLSchema#integer","dwSourceId":"fips"},{"name":"age_adjusted_incidence_rate_e_cases_per_100_000","title":"Age-Adjusted Incidence Rate(Ê) - cases per 100,000","type":"string","rdfType":"http://www.w3.org/2001/XMLSchema#string","dwSourceId":"age_adjusted_incidence_rate_e_cases_per_100_000"},{"name":"lower_95_confidence_interval","title":"Lower 95% Confidence Interval","type":"string","rdfType":"http://www.w3.org/2001/XMLSchema#string","dwSourceId":"lower_95_confidence_interval"},{"name":"upper_95_confidence_interval","title":"Upper 95% Confidence Interval","type":"string","rdfType":"http://www.w3.org/2001/XMLSchema#string","dwSourceId":"upper_95_confidence_interval"},{"name":"average_annual_count","title":"Average Annual Count","type":"string","rdfType":"http://www.w3.org/2001/XMLSchema#string","dwSourceId":"average_annual_count"},{"name":"recent_trend","title":"Recent Trend","type":"string","rdfType":"http://www.w3.org/2001/XMLSchema#string","dwSourceId":"recent_trend"},{"name":"recent_5_year_trend_in_incidence_rates","title":"Recent 5-Year Trend (ˆ) in Incidence Rates","type":"string","rdfType":"http://www.w3.org/2001/XMLSchema#string","dwSourceId":"recent_5_year_trend_in_incidence_rates"},{"name":"lower_95_confidence_interval_2","title":"Lower 95% Confidence Interval","type":"string","rdfType":"http://www.w3.org/2001/XMLSchema#string","dwSourceId":"lower_95_confidence_interval_2"},{"name":"upper_95_confidence_interval_2","title":"Upper 95% Confidence Interval","type":"string","rdfType":"http://www.w3.org/2001/XMLSchema#string","dwSourceId":"upper_95_confidence_interval_2"}]},"path":"data/incd.csv","format":"csv"},{"name":"original/OLS_regression_walkthrough.ipynb","path":"original/OLS_regression_walkthrough.ipynb","format":"ipynb","mediatype":"application/x-ipynb+json","bytes":1092236},{"name":"original/cancer_data_notes.xlsx","description":"Comments retrieved from the (xlsx) files from cancer.gov.","path":"original/cancer_data_notes.xlsx","format":"xlsx","mediatype":"application/vnd.openxmlformats-officedocument.spreadsheetml.sheet","bytes":56368,"keywords":["documentation"]},{"name":"original/death .csv","path":"original/death .csv","format":"csv","mediatype":"text/csv","bytes":229871},{"name":"original/incd.csv","description":"Lung cancer incidence data from cancer.gov","path":"original/incd.csv","format":"csv","mediatype":"text/csv","bytes":240944,"keywords":["raw data"]}]}